DX extract;DX full;Name;Original Film or informations;Manufacturer;reliability;Country;Beginning year;End year;Distributor;Ava;Pic
0291;002910;3M Scotch ColorPrint HR200 Gen 2 #ScotchColor;;3M / Ferrania;;;~1984;;;0;
0293;002930;3M Scotch ColorPrint HR400 Gen 2 #ScotchColor;;3M / Ferrania;;;~1984;;;0;ScotchHR400.jpg
0259;002593;3M ScotchChrome 400;;3M / Ferrania;;;;1988;;0;ScotchChrome400.jpg
0259;002593;3M ScotchChrome 400 (Improved);US version of ScotchChrome 800/3200;3M / Ferrania;;;1988;;;0;ScotchChrome400.jpg
0259;002593;3M ScotchChrome 800/3200;;3M / Ferrania;;;1972;1988;;0;ScotchChrome800-3200.jpg
0259;002593;3M ScotchChrome 800/3200 (Improved);EU version of ScotchChrome 400;3M / Ferrania;;;1988;2001;;0;ScotchChrome800-3200.jpg
0295;002950;3M ScotchColor AT100;;3M / Ferrania;;;;;;0;
0297;002970;3M ScotchColor AT200;;3M / Ferrania;;;;;;0;
0296;002960;3M ScotchColor AT400;;3M / Ferrania;;;;;;0;
0296;002960;3M ScotchColor HR2 400;;3M / Ferrania;;;;;;0;
1701;417010;45Color Iso 400;;;;Made in Japan;;;;0;45Color400.jpg
0453;004533;ACME Film for true colour prints SUPER VX 100 #SVX100 superVX100;Konica VX100 Super;;4;;;;;0;
0462;004623;ACME Film for true colour prints SUPER VX 400 #SVX400 superVX400;Konica VX400 Super;;4;;;;;0;
0057;000574;AGFA AGFACHROME CT Precisa 100 Ctprecisa EXCL;Ctx with improved color fidelity;;;Made in Germany;1998;2005;;0;AgfaCT100.jpg
0118;001180;AGFA AGFACHROME CT Precisa 200 Ctprecisa;Ctx with improved color fidelity;;;Made in Germany;1998;2005;;0;AgfaCT200.jpg
0051;000514;AGFA Agfachrome CT100 / 100S;Replaced CT 64;;;Made in Germany;1985;1986;;0;AgfaChromeCT100red.jpg
0053;000534;AGFA Agfachrome CT100 / 100S (gradation improved) EXCL;;;;Made in Germany;1986;1988;;0;AgfaChromeCT100EXCL.jpg
0053;;AGFA Agfachrome CT100 / 100S (shades improved);;;;Made in Germany;1988;1992;;0;AgfaCT100First.jpg
0053;;AGFA Agfachrome CT100 Professional;US Market only;;;Made in Germany;1984~1986;~1988 ?;;0;AgfachhrromeCT100pro.jpg
0054;000540;AGFA AGFACHROME CT100i;Improved CT 100 (gradation and hue values);Agfa-Gevaert AG;;Made in Germany;1992;1994;;0;AgfachromeCT100i.jpg
0117;;AGFA Agfachrome CT200 / 200S;Improved Agfachrome 200;;;Made in Germany;1984;1992;;0;AgfaChromeCT200.jpg
0117;001170;AGFA Agfachrome CT200 improved;Improved color reproduction;;;Made in Germany;1992;1995;;0;AgfachromeCT200new.jpg
0057;000570;AGFA AGFACHROME CTX100;;;;Made in Germany;1994;1998;;0;AgfachromeCTX100.jpg
0118;001180;AGFA AGFACHROME CTX200;;;;Made in Germany;1994;1998;;0;AgfachromeCTX200.jpg
0054;000540;AGFA AGFACHROME RS 100 Plus Professional #100RS RS100+ RS100plus;Agfachrome 100RS with Gradation and shades improved;Agfa-Gevaert AG;;Made in Germany;1992;1995;;0;AgfaChrome100RSplus.jpg
0096;000960;AGFA AGFACHROME RS 1000 Professional (new box, same emulsion) #1000RS RS1000;All RS line upgraded, except 1000RS…;Agfa-Gevaert AG;;Made in Germany;1989;1995;;0;Agfachrome1000RS.jpg
0096;000960;AGFA AGFACHROME RS 1000 Professional #1000RS RS1000;;Agfa-Gevaert AG;;Made in Germany;1984;1989;;0;Agfachrome1000RSfirst.jpg
0117;001170;AGFA AGFACHROME RS 200 Plus #200RS RS200plus RS200+;Agfachrome 200RS with Gradation and shades improved;Agfa-Gevaert AG;;Made in Germany;1992;1995;;0;
0117;001170;AGFA AGFACHROME RS 200 Professional (improved) #200RS RS200;;Agfa-Gevaert AG;;Made in Germany;1989;1992;;0;Agfachrome200RSsilver.jpg
0117;001170;AGFA AGFACHROME RS 200 Professional #200RS RS200;;Agfa-Gevaert AG;;Made in Germany;1984;1989;;0;Agfachrome200RS.jpg
0086;000860;AGFA AGFACHROME RS 50 Plus Professional #50RS RS50+ RS50plus;Agfachrome 50RS with Gradation and shades improved;Agfa-Gevaert AG;;Made in Germany;1992;1995;;0;AgfaRS50plus.jpg
0057;000570;AGFA AGFACHROME RSX II 100 Professional #RSX100 RSXII100;Improved RSX (Gradation and maximum density);Agfa Gevaert AG;;Made in Germany;1998;2005;;0;AgfaRSXII100.jpg
0118;001180;AGFA AGFACHROME RSX II 200 Professional #RSX200 RSXII200;Improved RSX (Gradation and maximum density);Agfa Gevaert AG;;Made in Germany;1998;2005;;0;AgfaRSXII200.jpg
0089;000890;AGFA AGFACHROME RSX II 50 Professional #RSX50 RSXII50;Improved RSX (Gradation and maximum density);Agfa Gevaert AG;;Made in Germany;1998;2005;;0;AgfaRSXII50.jpg
0057;000570;AGFA AGFACHROME RSX100 Professional;;;;Made in Germany;1994;1998;;0;AgfachromeRSX100.jpg
0118;001180;AGFA AGFACHROME RSX200 Professional;;;;Made in Germany;1995;1998;;0;AgfaChromeRSX200.jpg
0089;000890;AGFA AGFACHROME RSX50 Professional;;;;Made in Germany;1994;1998;;0;AgfachromeRSX50.jpg
1847;018477;AGFA Agfacolor 100;Agfa / Perutz SC 100-3;Agfa Gevaert AG;2;Made in Germany;1982;1984;;0;Agfacolor100-24+3.jpg
0498;004980;AGFA Agfacolor 100-N;;;;;;;;0;
0755;007550;AGFA Agfacolor 100-N;;;;;;;;0;
0497;004974;AGFA AgfaColor 200;;;;;1983 (1984 for dx coded version);;;0;AgfaColor200.jpg
0756;007564;AGFA AgfaColor 200;;Agfaphoto GmbH;;Made in Germany;1983 (1984 for dx coded version);1984;;0;AgfaColor200.jpg
0753;007537;AGFA Agfacolor 200 (24+3);;;;;1983 (1984 for dx coded version);1984 ?;;0;
1814;018147;AGFA AgfaColor 200 Wal-mart #Walmart;;Agfa-Gevaert AG;;Made in Germany;1983;1984 ?;;0;
0737;007370;AGFA Agfacolor 200-N;;;;;;;;0;
0756;007560;AGFA Agfacolor 200-N;;;;;;;;0;
1850;018503;AGFA Agfacolor 400;Also sold as Agfa / Perutz SC 100-3;Agfa Gevaert AG;2;Made in Germany;1983;1984;;0;Agfacolor100-24+3.jpg
0739;007390;AGFA Agfacolor 400-N;;;;;;;;0;
0757;007570;AGFA Agfacolor 400-N;;;;;;;;0;
0712;007120;AGFA Agfacolor APS star 200;;;;;;;;0;
0715;007150;AGFA Agfacolor APS star 400;;;;;;;;0;
0705;007050;AGFA Agfacolor Futura 100;Only APS format ??;;;;;;;0;
0708;007080;AGFA Agfacolor Futura 200;Only APS format ??;;;;;;;0;
0713;007130;AGFA Agfacolor Futura 400;Only APS format ??;;;;;;;0;
0709;007090;AGFA Agfacolor Futura II 100;Only APS format ??;;;;;;;0;
0710;007100;AGFA Agfacolor Futura II 200;Only APS format ??;;;;;;;0;
0714;007140;AGFA Agfacolor Futura II 400;Only APS format ??;;;;;;;0;
0284;002840;AGFA AGFACOLOR HDC100;;;;;1994;1998;;0;AgfaColorHDC100.jpg
1809;018090;AGFA AGFACOLOR HDC100 Plus;Replaced by Vista line;;;;1998;2000;;0;AgfaColorHDCplus100.jpg
1810;018107;AGFA AGFACOLOR HDC100 Plus;Replaced by Vista line;;;;1998;2000;;0;AgfaColorHDCplus100.jpg
0278;002780;AGFA AGFACOLOR HDC200;;;;;1994;1998;;0;AgfaColorHDC200.jpg
1812;018120;AGFA AGFACOLOR HDC200 Plus;Replaced by Vista line;;;;1998;2000;;0;AgfaColorHDCplus200.jpg
0283;002830;AGFA AGFACOLOR HDC200 Plus-2;Replaced by Vista line;;;;1998 ?;2000;;0;
1811;018110;AGFA AGFACOLOR HDC200 Plus-2;Replaced by Vista line;;;;1998 ?;2000;;0;
0280;002800;AGFA AGFACOLOR HDC400;;;;;1994;1998;;0;AgfaColorHDC400.jpg
1817;018170;"AGFA AGFACOLOR HDC400 Plus (or ""2""?)";Replaced by Vista line;Agfa Gevaert AG;;Made in Germany;1998;;;0;AgfaColorHDCplus400.jpg
0798;007983;AGFA AGFACOLOR OPTIMA 100 ;Improved (re-rated) Optima 125;Agfa Gevaert AG;;;1995;2002;;0;AgfaOptima100.jpg
0796;007960;AGFA AGFACOLOR OPTIMA 100 Professional;;Agfa Gevaert AG;;;2002;2005;;0;AgfaOptima100.jpg
0787;007870;AGFA AGFACOLOR OPTIMA 100-3 Professional;;Agfa Gevaert AG;;;2002;2005;;0;
0738;007380;AGFA Agfacolor Optima 100-N;;Agfa Gevaert AG;;;;;;0;
0274;002740;AGFA AGFACOLOR Optima 125 Professional;;Agfa Gevaert AG;;;1991;1994;;0;
0276;002760;AGFA AGFACOLOR OPTIMA 200;;Agfa Gevaert AG;;;1992;2002 ?;;0;AgfaOptima200.jpg
0277;002770;AGFA AGFACOLOR OPTIMA 200;;Agfa Gevaert AG;;;1992;2002 ?;;0;AgfaOptima200.jpg
0799;007990;AGFA AGFACOLOR OPTIMA 200;;Agfa Gevaert AG;;;1992;2002 ?;;0;AgfaOptima200.jpg
0789;007890;AGFA AGFACOLOR OPTIMA 200 Professional;Similar to XRG200 ?;Agfa Gevaert AG;;;2002;2005;;0;AgfaOptima200.jpg
0739;007390;AGFA Agfacolor Optima 200-N;;;;;;;;0;
0794;007944;AGFA AGFACOLOR OPTIMA 400;;;;;;;;0;AgfaOptima400.jpg
0791;007910;AGFA AGFACOLOR OPTIMA 400 Professional;;;;;~1994;2002 ?;;0;AgfaOptima400first94.jpg
0792;007920;AGFA AGFACOLOR OPTIMA 400 Professional;;;;;2002;2005;;0;AgfaOptima400.jpg
0740;007400;AGFA Agfacolor Optima 400-N;;;;;;;;0;
0785;007850;AGFA AGFACOLOR OPTIMA II 100 Professional #OPTIMA2 OptimaII;;Agfa Gevaert AG;;;1998;2002;;0;AgfaOptima2-100.jpg
0788;007880;AGFA AGFACOLOR OPTIMA II 200 Professional #OPTIMA2 OptimaII;;;;;1998;2002;;0;AgfaOptima2-200.jpg
0795;007950;AGFA AGFACOLOR OPTIMA II 200 Professional #OPTIMA2 OptimaII;;Agfa Gevaert AG;;;1998;2002;;0;AgfaOptima2-200.jpg
0797;007970;AGFA AGFACOLOR OPTIMA II 200 Professional #OPTIMA2 OptimaII;;;;;1998;2002;;0;AgfaOptima2-200.jpg
0793;007930;AGFA AGFACOLOR OPTIMA II 400 Professional #OPTIMA2 OptimaII;;;;;1998;2002;;0;AgfaOptima2-400.jpg
0274;002740;AGFA AGFACOLOR Portrait 160 Professional (Code XPS) Portrait160;Successor of Portrait XPS, or same film ?;;;;1997;2005;;0;AgfaPortrait160.jpg
0737;007374;AGFA Agfacolor Ultra 100 ultracolor;"""For ultra high color saturation"".";Agfa Gevaert AG;;Made in Germany;2002;~2005;;0;AgfaUltracolor100.jpg
0275;002750;AGFA AGFACOLOR ULTRA 50 Professional ultracolor;"""For ultra high color saturation"". ";Agfa Gevaert AG;;Made in Germany;1990;1998;;0;AgfaColorUltra50.jpg
1813;018130;AGFA AGFACOLOR Vista 100;Not the same film as AgfaPhoto Vista…;Agfa Gevaert AG;;Made in Germany;2000;2005;;0;AgfaVista100.jpg
1819;018190;AGFA Agfacolor Vista 100-N New;;Agfa Gevaert AG;;;;2005 ?;;0;AgfaNewVista100.jpg
1814;018140;AGFA AGFACOLOR Vista 200;Not the same film as AgfaPhoto Vista…;Agfa Gevaert AG;;Made in Germany;2000;2005;;0;AgfaVista200.jpg
1820;018204;AGFA AGFACOLOR Vista 200 ;Not the same film as AgfaPhoto Vista…;Agfa Gevaert AG;;Made in Germany;2000;2005;;0;AgfaVista200.jpg
1821;018214;AGFA AGFACOLOR Vista 200 ;Not the same film as AgfaPhoto Vista…;Agfa Gevaert AG;;Made in Germany;2000;2005;;0;AgfaVista200.jpg
1814;;AGFA AGFACOLOR Vista 200 Spider Pack #spiderman;Promotionnal pack with spiderman;Agfa Gevaert AG;;Made in Germany;~2004;~2004;;0;AgfaVistaSpiderman.jpg
1820;018200;AGFA Agfacolor Vista 200-N New;Not the same film as AgfaPhoto Vista…;Agfa Gevaert AG;;;2000;2005;;0;AgfaNewVista200.jpg
1818;018180;AGFA AGFACOLOR Vista 400;Not the same film as AgfaPhoto Vista…;Agfa Gevaert AG;;Made in Germany;2000;2005;;0;AgfaVista400.jpg
1818;;AGFA AGFACOLOR Vista 400 – Film conditionné pour la gendarmerie nationale;Film for the french gendarmerie;Agfa Gevaert AG;;Made in Germany;2000;2005;Gendarmerie nationale, Fr;0;AgfaVista400gendarmerie.jpg
1821;018210;AGFA Agfacolor Vista 400-N New;Not the same film as AgfaPhoto Vista…;Agfa Gevaert AG;;;;2005 ?;;0;AgfaVista400.jpg
1815;018150;AGFA AGFACOLOR Vista 800;Agfa's first ISO 800 color-negative film;Agfa Gevaert AG;;Made in Germany;2001;2005;;0;AgfaVista800.jpg
1816;018160;AGFA Agfacolor Vista 800-N New;;Agfa Gevaert AG;;;2001;2005;;0;AgfaVista800.jpg
0786;007860;AGFA AGFACOLOR XPS160 Portrait Professional;;Agfa Gevaert AG;;;~1990 ?;~1995 ?;;0;AgfaPortraitXPS160.jpg
0272;002723;AGFA AGFACOLOR XR100;;;;;1984;~1996 ?;;0;AgfaXR100.jpg
0272;002723;AGFA AGFACOLOR XR100i;;;;;1996;1988;;0;AgfaXR100i.jpg
0272;002727;AGFA AGFACOLOR XR100i Maxi;24+3 exp.;;;;1996;1988;;0;
0272;002722;AGFA AGFACOLOR XR100i Mini;15 exp.;;;;1996;1988;;0;
0485;004850;AGFA AGFACOLOR XR200;;;;;1984;~1996 ?;;0;AgfaColorXR200.jpg
0784;007840;AGFA AGFACOLOR XR200;;;;;1984;~1996 ?;;0;AgfaColorXR200.jpg
0273;002730;AGFA AGFACOLOR XRC100;;;;;1988;1989 ?;;0;
0273;002730;AGFA AGFACOLOR XRG100;;;;;;;;0;AgfacolorXRG100.jpg
0274;002740;AGFA AGFACOLOR XRG100;;;;;;;;0;AgfacolorXRG100.jpg
1843;018433;AGFA AGFACOLOR XRG100;Also sold as cheap Perutz SC 100-3 Color (Same DX number);Agfa Gaevert AG;;Made in Germany;1989;1994;;0;AgfacolorXRG100.jpg
0274;002748;AGFA AgfaColor XRG100 Maxi;24+3 exp.;Agfa Gaevert AG;;Made in Germany;1989;1994;;0;AgfaColorXRG100maxi.jpg
1843;018437;AGFA AgfaColor XRG100 Maxi;24+3 exp. Also sold as cheap Perutz SC 100-3 Color (Same DX number);Agfa Gaevert AG;;Made in Germany;1989;1994;;0;AgfaColorXRG100maxi.jpg
0275;002750;AGFA AGFACOLOR XRG200;;Agfa-Gevaert AG;;;1989;1991;;0;AgfaXRG200.jpg
0276;002760;AGFA AGFACOLOR XRG200;;Agfa-Gevaert AG;;;1989;1991;;0;AgfaXRG200.jpg
0277;002778;AGFA AGFACOLOR XRG200;;Agfa-Gevaert AG;;;1989;1991;;0;AgfaXRG200.jpg
0756;007564;AGFA AGFACOLOR XRG200;Agfacolor 200-N improved ?;Agfa-Gevaert AG;2;;1989;1994;;0;AgfaXRG200.jpg
1845;018454;AGFA AGFACOLOR XRG200;;Agfa-Gevaert AG;;Made in Germany;1989;1991 ?;;0;AgfaXRG200.jpg
0285;002850;AGFA AGFACOLOR XRG200 (improved);;Agfa-Gevaert AG;;;1991;1994;;0;AgfaColorXRG200.jpg
0753;007534;AGFA AGFACOLOR XRG200 (improved);;Agfa-Gevaert AG;;;1991;1994;;0;AgfaXRG200.jpg
0287;002870;AGFA AGFACOLOR XRG200-2 XRG2;;Agfa-Gevaert AG;;;end of 90’s ??;;;0;
0279;002790;AGFA AGFACOLOR XRG400;;Agfa-Gevaert AG;;Made in Germany;1989;1994;;0;AgfaXRG400.jpg
0273;;AGFA Agfacolor XRS100 Professional;;;;;~1984;1989;;0;AgfaXRS100.jpg
0273;002730;AGFA Agfacolor XRS100 Professional Gen. 2 (Improved with XRC emulsion technology);;;;;1989;1996 ?;;0;
0282;002820;AGFA AGFACOLOR XRS1000 Professional Gen. 2 (Improved with XRC emulsion technology) XRS 1000;;;;;1985;1989;;0;AgfaColorXRS1000.jpg
1840;018400;AGFA AGFACOLOR XRS1000 Professional XRS 1000;;;;;1984;1985;;0;AgfaColorXRS1000.jpg
0273;;AGFA Agfacolor XRS100LC Professional;Predecessor of Portrait 160 Professional;;;;1989;1990;;0;AgfaXRS100LC.jpg
0276;002760;AGFA AGFACOLOR XRS200;;Agfa-Gevaert AG;;;1989;1991;;0;AgfaXRS200.jpg
0785;007850;AGFA Agfacolor XRS200 Professional #200XRS;;;;;~1984;1989;;0;AgfaXRS200.jpg
0788;007880;AGFA Agfacolor XRS200 Professional Gen. 2 (Improved with XRC emulsion technology) #200XRS;;;;;1989;1992;;0;AgfaXRS400new.jpg
0279;002790;AGFA Agfacolor XRS400 #400XRS;;;;;1984;1985 ?;;0;
1808;018080;AGFA Agfacolor XRS400 Professional #400XRS;;;;;1985 ?;1989;;0;AgfaXRS400.jpg
0791;007910;AGFA Agfacolor XRS400 Professional Gen. 2 (Improved with XRC emulsion technology) #400XRS;;;;;1989;1994;;0;AgfaXRS400new.jpg
0020;000204;AGFA AGFAORTHO 25 Professional;;Agfa-Gevaert AG;;Made in Germany;Earley 80’s ?;End of 80’s ?;;0;AgfaOtho25.jpg
0020;;AGFA AGFAORTHO 25 Professional (non-DX coded);;Agfa-Gevaert AG;;Made in Germany;60’s ?;Earley 80’s ?;;0;AgfaOrtho25First.jpg
0023;000234;AGFA APX 100 Professional #APX100 not AGFAPAN;Original by Agfa, improved APX emulsion (?) and new box. Not the same film as AgfaPhoto APX. ;;;Made in Germany;2002 ?;2004;;0;APX100Agfa.jpg
0023;000234;AGFA APX 100 Professional AGFAPAN #APX100 ;Original by Agfa, improved Agfapan 100. Not the same film as AgfaPhoto APX. ;;;Made in Germany;1989;2002 ?;;0;APX100Agfaoriginal.jpg
0022;000224;AGFA APX 25 Professional #APX25 AGFAPAN;Improved Agfapan 25;;;Made in Germany;1989;~2000;;0;APX25Agfa.jpg
0019;000190;AGFA APX 400 Professional (New Generation) #APX400 AGFAPAN;Improved APX 400 by Agfa. Not the same film as AgfaPhoto APX;;;Made in Germany;2003;2005;;0;APX400Agfa.jpg
0019;000190;AGFA APX 400 Professional #APX400 AGFAPAN;Original by Agfa. Not the same film as AgfaPhoto APX;;;Made in Germany;1989;2003;;0;APX400Agfa.jpg
0753;007530;AGFA cuti cuti malaysia 200 ISO;AGFA Agfacolor 200. For malaysian market (Cuti cuti malaysia campaign?);Agfa;;Made in Germany ?;90’s;;;0;AgfaCuti.jpg
0794;007944;Agfa Optima Prestige 400 ;;;;;;;;0;AgfaOptima400Prest.jpg
0020;000204;AGFA ORTHO 25 Professional #Agfaortho;;Agfa-Gevaert AG;;Made in Germany;Mid 70’s ?;2001;;0;Agfa_ortho25.jpg
1814;018147;Agfa Pro 200;Agfa Vista 200;;;;~2000 ?;;;0;AgfaPro200.jpg
1809;018093;Agfa Replacement Film Colour ISO 100;Agfacolor Vista 100;Agfa-Gevaert AG;3;Made in Germany;;;;0;
1813;018133;Agfa Replacement Film Colour ISO 100;Agfacolor Vista 100;Agfa-Gevaert AG;3;Made in Germany;;;;0;
0024;000240;AGFA SCALA 200 Professional B&W slides ;B&W slide, based on APX (& DD12?). First version had process paid. Replace Agfa Dia Direct DD12;Agfa;;Made in Germany;1996;1999;;0;AgfaScala200.jpg
0024;000240;AGFA SCALA 200X Professional B&W slides ;B&W slide, based on APX. Improved version, better density;Agfa;;Made in Germany;1999;2006;;0;AgfaScala200X.jpg
1771;017711;"AgfaPhoto APX 100 (""New Emulsion"" on box) #APX100";Kentmere 100;Kentmere;3;Made in EU;2012 ?;2013 ?;Lupus Imaging & Media;0;APX100AgfaNewEmul.jpg
0023;000234;AgfaPhoto APX 100 (New) #APX100;Same code as original APX100. Last batch of real APX;Agfa;2;Made in Germany;2006 ?;~2012 ?;Lupus Imaging & Media;0;APX100Agfaphoto.jpg
1771;017711;AgfaPhoto APX 100 (New) #APX100;Kentmere 100;Kentmere;3;Made in EU;2013 ?;;Lupus Imaging & Media;2;APX100Agfaphoto.jpg
1771;017712;"AgfaPhoto APX 400 (""New Emulsion"" on box) #APX400";Kentmere 400;Kentmere;3;Made in EU;2013 ?;2014 ?;Lupus Imaging & Media;0;APX400AgfaNewEmul.jpg
1771;017712;AgfaPhoto APX 400 (New) #APX400;Kentmere 400;Kentmere;3;Made in EU;2014 ?;;Lupus Imaging & Media;2;APX400Agfaphoto.jpg
0057;000574;AgfaPhoto CT precisa CT100;"Last batch of ""real"" Agfachrome CT precisa 100";Agfa;3;Made in EU;2006;2010;Lupus Imaging & Media;0;
0557;105574;AgfaPhoto CT Precisa CT100 ;Fujichrome Provia 100F Professional / Trebi 100C;Fujifilm;3;Made in Japan ;2010 ?;2018;Lupus Imaging & Media;0;AgfaPhotoCT100.jpg
1395;013954;AgfaPhoto Vista 100;Solaris FG;Ferrania;3;;2006;2010;Lupus Imaging & Media;0;AgfaphotoVista100.jpg
1398;013980;AgfaPhoto Vista 200;Solaris FG;Ferrania;3;;2006;2010;Lupus Imaging & Media;0;AgfaphotoVista200.jpg
1399;013994;AgfaPhoto Vista 400 ;Ferrania Color FG Plus 400;Ferrania;4;;2006;2010;Lupus Imaging & Media;0;AgfaphotoVista400First.jpg
0627;806270;AgfaPhoto Vista plus 100 #Vista+100;Fujicolor Superia. Uncertain DX number…;Fujifilm;3;;2010;2018;Lupus Imaging & Media;1;AgfaPhotoVistaplus100.jpg
0625;806254;AgfaPhoto Vista Plus 200 #Vista+200;Fujicolor C200 / Superia;;3;Made in Japan;2010;2018;Lupus Imaging & Media;0;AgfaPhotoVistaplus200.jpg
0628;806283;AgfaPhoto Vista Plus 400 #Vista+400;Fujfilm Superia Xtra 400 or Superia Premium 400;Fujifilm;4;Made in Japan;2010;2018;Lupus Imaging & Media;1;AgfaPhotoVistaPlus400.jpg
1364;;AKICA HP 400 #HP400;IMATION COLOR HP400;Ferrania;4;;;;;0;
1394;013947;Albert Heijn (AH) Color 24+4 ISO 200;Solaris Color FG200;3M / Ferrania;4;;;;Albert Heijn supermarket, Netherland;0;AlbertHeijn200.jpg
0173;001730;Alfo PR-G 100 BILD #PRG100;Fujicolor Super HG100 / HQ100;Fujifilm;2;;;;Ringfoto;0;AlfoPRG100.jpg
0171;001714;Alfo PR-G 200 BILD #PRG200;Fujicolor Super HG200 / HQ200;Fujifilm;3;;;;Ringfoto;0;
0170;001700;Alfo PR-G 400 BILD #PRG400;Fujicolor Super HG400 / HQ400;Fujifilm;2;;;;Ringfoto;0;
0274;002743;Amcolor Colour Print Film ISO 100;Agfa Color XRG 100;Agfa;3;Made in Germany;;;AmCal;0;
1843;018433;Amcolor Colour Print Film ISO 100;Agfa Color XRG 100;Agfa;3;Made in Germany;;;AmCal;0;
1843;018523;Amcolor Colour Print Film ISO 100;PERUTZ SC 100 Color (Agfacolor Vista);Agfa;3;Made in Germany;;;AmCal;0;
1849;018493;Amcolor Colour Print Film ISO 400;Perutz SC 400-2;Agfa ?;2;Made in Germany;;;AmCal;0;
0640;006403;Amcolor Film for Colour Prints ISO 100;Konica HD-2-100 . Super SR100;Polaroid;3;Made in Japan;;;AmCal;0;
0272;002721;Argenti Protopan 400+ #400plus;Fomapan ?;;2;;2013;~2016 ??;Foto R3;0;ArgentiProtopan.jpg
1395;013954;Arista EDU Ultra 100;Fomapan Classic 100;Foma;4;;;;Arista;2;AristaEdu100Ultra.jpg
1399;013994;Arista EDU Ultra 400;Fomapan Action 400;Foma;4;;;;Arista;2;AristaEdu400Ultra.jpg
1028;910283;Arista Premium 100;Kodak Plus-X;Kodak, USA;4;Made in USA;;;Arista;0;AristaPremium100.jpg
1029;910293;Arista Premium 400;Kodak Tri-X (400TX);Kodak, USA;4;Made in USA;;;Arista;0;AristaPremium400.jpg
1851;018513;ASDA Color Print Film ISO 200;Agfa Perutz SC-200;;3;;;;Asda Photo;0;
1849;018490;ASDA Color Print Film ISO 400;Agfa Perutz SC-400 ?;;2;;;;Asda Photo;0;
0294;002943;Belmont HR Colour Print Film HR100;Ferrania ?;;1;Made in Italy;;;;0;
1612;016128;Bergger Pancro 400 #Panchro400;Based on BRF+ (Orwo N74). Coated by Inoviscoat, packed by Harman;InovisCoat / Harman for packing;2;;2015 (sheets) 2017 (135 & 120);;Bergger;2;Pancro400.jpg
0462;004623;BI LO Film for Color Prints BILO NH400;Konica VX 400 Super;;3;;;;;0;
0453;004533;Black & Gold Colour Film Print ISO 100;Konica Super VX 100 / SGX 100;;3;;;;;0;
1396;013967;"Black & white can ""High Quality COLOR NEGATIVE FILM"" 400";Solaris Color FG400;Ferrania;3;Film from Italy, Spooled in China;;;;0;HighQUalityColorNEg400.jpg
1850;018503;Black can COULOUR NEGATIVE FILM ISO 400;Perutz Primera 400 / Agfa Vista 400;;3;;;;Fletchers Photographics;0;
0626;706263;Black's Astral 100 ISO;Fujicolor Superia 100 / HR100;;3;;;;Black Photo Corporation Markham, Canada;0;
0140;701403;Black's Astral 100 ISO Premium;Fujicolor Superia 100 / HR100;;3;;;;Black Photo Corporation Markham, Canada;0;
1310;701310;Black's Astral 200 ISO;UNCERTAIN DX NUMBER… Fujicolor Superia 200 / HR200;;2;;;;Black Photo Corporation Markham, Canada;0;
0579;005791;Black's Premium Color Print Film ISO 200 Memories Blacks;FUJICOLOR SUPER G PLUS 200;;3;;;;Black Photo Corporation Markham, Canada;0;
0032;000327;Blue and White can 400 No DX coding, CNK-4 and C-41. ;Sakuracolor SR100;disposable camera ?;1;Made in Japan;;;;0;
0354;003534;Blue Unknown generic can;;;;;;;;0;
0812;008124;BONUSPRINT Activa Colour Print Film ISO 100;Konica Centuria 100;;3;Made in Japan;;;Bonusprint, UK;0;BonusprintActiva100.jpg
0460;004600;BONUSPRINT Activa Colour Print Film ISO 100 (VX);KONICA VX100;;3;Made in Japan;;;Bonusprint, UK;0;BonusprintActiva100.jpg
0813;008130;BONUSPRINT Activa Colour Print Film ISO 200;Konica Centuria 200;;3;Made in Japan;;;Bonusprint, UK;0;BonusPrintActiva200.jpg
0461;004613;BONUSPRINT Activa Colour Print Film ISO 200 (VX);KONICA VX200;;3;Made in Japan;;;Bonusprint, UK;0;BonusPrintActiva200.jpg
0807;008070;BONUSPRINT Activa Colour Print Film ISO 400;Konica Centuria 400;;3;Made in Japan;;;Bonusprint, UK;0;BonusPrintActiva400.jpg
0452;004520;BONUSPRINT Activa Colour Print Film ISO 400 (VX);KONICA VX400;;3;Made in Japan;;;Bonusprint, UK;0;BonusPrintActiva400.jpg
0022;000222;Boots Colourprint 100;Solaris FG, but same DX code as APX25…;Ferrania;3;Made in Italy;2003;~2010 ?;Boots, GB;0;
0130;001304;Boots Colourprint 200;Fujicolor 200;Fuji;3;Made in Japan;2000’s ?;;Boots, GB;0;
0525;805253;Boots Colourprint 200;Fujicolor C200;Fuji;3;Made in Japan;~2010 ?;;Boots, GB;0;
0625;806254;Boots Colourprint 200;Vista Plus 200 (Fuji);Fuji;3;Made in Japan;~2010 ?;;Boots, GB;0;
0114;001144;Boots Colourslide (ISO 200) Rainbow bird;Agfa slide film, E6 Process;Agfa-Gevaert;3;Made in Germany;80’s ?;2000’s ?;Boots, GB;0;BootsColorSlide200agfa.jpg
0578;805784;Boots Universal ISO 400;Superia 400;;3;;;;Boots, GB;0;
1062;010623;Cannon Power – Film for true colour ISO 100 #cannonpower canonpower;Scotch Color;;2;;;;;0;
1361;013613;Canopower Film for true colour ISO 100 Super HP 100 #HP100;Imation Color HP100;Ferrania;3;Made in Italy;;;CHANDRU INTERNATIONAL PTY LTD, Sydney;0;CanopowerSuperHP100.jpg
0756;007563;Carrefour 200 ISO;Agfacolor;;3;made in EU;;;;0;Carrefour200.jpg
1845;018453;Carrefour Film couleur 200 ISO CN 200;Agfa XRG 200 ;;3;Made in UE;;;;0;
0454;004541;Casino Temps Clair 200 C-41;Konica VX200 Super;;4;Made in Japan;;;;0;Casino200.jpg
1771;017713;CatLABS X FILM 320 PRO (135 & 120) #X320;135 & 120. Kentmere 400 DX code on 135 films, but developing times not identical… And too thin to be Kentmere.;;1;Made in USA;Spet 2022;;CatLABS;2;CatLABSx320pro.jpg
1843;018433;Champion 100 ISO;AgfaColor XRG 100;;3;Made in E.U.;90’s;;Champion supermarket;0;Champion100.jpg
0803;008033;Chemmart VX100 Colour Print Film;KONICA VX100;Konica;4;Made in Japan;;;;0;
0625;306254;Chlecker AS photo 200;Fujicolor 200 / C200;;2;;;;;0;
5391;753914;Cinestill 50D Daylight C-41 / Xpro (new) 50Daylight;Kodak Vision 3 5203 (Cinefilm, remjet removed, DX coded) ECN2/C-41;Kodak, USA;4;Made in USA;2014 (2017 for 120);;CineStill Film, USA;2;Cinestill50Dnew.jpg
5391;753914;CineStill 800T Tungsten Xpro (new) 800Tungsten;Kodak Vision 3 5219 (Cinefilm, remjet removed, DX coded) ECN2/C-41;Kodak, USA;4;Made in USA;2014 (2017 for 120);;CineStill Film, USA;2;Cinestill800Tnew.jpg
1399;013997;Clear Color 400 DX coding, paper label (all), Made in EU;DX number used by a lot of rebranded film canned by Foma;;;;;;;0;
1362;013623;CLIC HP Pelicula Color ISO 200 #HP200;Imation Color HP 200;3M / Ferrania;4;;;;;0;
5012;050123;CLIC HP Pelicula Color ISO 200 #HP200;;;;;;;;0;
0129;001294;Club Color 200 Bertelsmann #Clubcolor;Fujicolor 200 / Super HQ200;;3;Made in Japan ?;;;Bertelsmann;0;ClubColor200.jpg
0756;007563;Club Color 200 Bertelsmann NCS #Clubcolor;Agfacolor 200-N;;3;Made in EU;2003 ?;;Bertelsmann;0;ClubColorNCS200.jpg
0462;004620;Coles Reliance Colour Film ISO 400 (Purple cartridge);Konica VX400 Super;;3;Made in Japan;;;;0;ColeReliance400purple.jpg
1848;018487;Color Negative 200 for color prints (white can for disposable camera);Perutz SC 400;;3;Made in Germany;2000’s;2000’s;;0;
1847;018473;COLOR NEGATIVE FILM (Generic black cartridge) CN100;Agfacolor 100 / Perutz SC100. Disposable camera ?;Agfa;2;;;;;0;AgfaGENERICblack.jpg
1847;018473;Color plus 100 Colorplus;Solaris FG then AgfaColor ?;Ferrania then Agfa ?;3;;2003;;Duttenhofer;0;
1558;115587;Color print film for single use cameras;KODAK Color Negative 400 or Ferrania Solaris 400 ?;;0;Made in USA, disposable camera;;;;1;
3602;736024;Colorama PhotoImaging 200;DM Paradies 200 ?;;1;;~1986;;Colorama Laboratories, E;0;
0497;004973;Colorama Smart Film 200;Agfacolor 200;;3;Made in UE;;;Colorama Laboratories, E;0;
0628;006283;COLOUR PRINT FILM;Fujifilm X-TRA 400;Fuji;4;;;;;0;
1361;013611;Continent HR 100 ISO (Continente in Spain) #HR100;Imation HP100 ?;;3;;;;"""Continent"" supermarkets";0;
0628;506283;CVS Color Film 400 All purpose;Fujicolor Superia X-tra / Superia;Fuji;4;;;;CVS Pharmacy;0;CVS400.jpg
1062;010624;Dale Laboratories “9100” ISO 100 (Blue can, DCN/ECP-2 process);DX coded for Ferrania Imaging Color FG100, but could be motion picture film (ECP-2 process);;2;;;;Dale Laboratories;0;Dale9100.jpg
0129;001294;Dixons Kleurenfilm 200;Fujicolor 200;;4;;;;Dixons, GB;0;
1851;018513;Dixons Kleurenfilm 200 Foto (Red box);Agfacolor / Perutz SC 200-2;Agfa-Gevaert;4;;;;Dixons, GB;0;DixonsKleurenFilmRed200.jpg
0625;306254;DM Paradies 200 C-41;Fuji C200 / Provalue;Fuji;3;Made in Asia;;;DM Markt, Germany;0;DMparadies200Asia.jpg
0625;806253;DM Paradies 200 C-41;Fuji C200 / Provalue;Fuji;3;Made in Asia;;;DM Markt, Germany;0;DMparadies200Asia.jpg
3602;136023;DM Paradies 200 Universal C-41;;;0;;;;DM Markt, Germany;0;DMparadies200.jpg
3602;636024;DM Paradies 200 Universal C-41;"Cheap ""Kodak Negative 200"" film";Kodak (then Fuji);1;Made in USA;;;DM Markt, Germany;0;DMparadies200.jpg
0628;306284;DM Paradies 400;Superia 400;Fuji;3;Made in Asia;;;DM Markt, Germany;0;DMparadies400Asia.jpg
1558;115584;"DM Paradies 400 ""Action""";"Cheap ""Kodak Negative 400"" film";Kodak (then Fuji);3;Made in USA;2006;2015;DM Markt, Germany;0;DMparadies400.jpg
1558;615584;DM Paradies 400 (USA);"Cheap ""Kodak Negative 400"" film";Kodak (then Fuji);3;Made in USA;;;DM Markt, Germany;0;DMparadies400.jpg
1550;;Dubblefilm STEREO 200 #Kono!;Kodak Color Plus 200 pre-exposed for crappy colors. New version of STEREO Dubblefilm;Kodak;3;"Made in USA and finished in Mexico, ""lomoized"" in Austria";2021 ?;;Dubble / Kono!, then (in 2019) Revelog;1;
1550;;Dustin Adams Photo Dubblefilm Stereo;Kodak Color Plus 200 pre-exposed for red to blue effect;Kodak;3;"Made in USA and finished in Mexico, ""lomoized"" in Austria";2019;;Revelog;2;
1398;013983;EasyClix ASA 200;Ferrania Solaris FG;;3;Made in Italy;;;;0;Easyclik200.jpg
0624;606243;EasyPix Colour Print Film 200;Superia 200;Fuji;3;Product of Japan;;;Shopper's Drug Mart / Pharmaprix;0;
0625;706254;Efiniti Uxi Super 200;Fujicolor Superia CN 200. For Vietnam market ?;Fujifilm;4;Product of Japan;~2008 ?;;;1;EfinitiUXIsuper200.jpg
0272;002724;Efke KB100;;;;Made in Croatia ;;;Fotokemika (Efke);0;EfkeKB100.jpg
0272;002724;Efke KB25;Was KB20 before DX coding;;;Made in Croatia ;;;Fotokemika (Efke);0;EfkeKB25.jpg
1096;010960;ERA Color ER100 eracolor;Fuji proprietary technology manufacturing;;;Made in China ?;;;Shantou ERA Limited Corporation;0;EracolorER100.jpg
1561;;Escura Dragon Ball Z film ISO 400 Limited Edition;Disposable camera film ? Kodak Color Negative 400 Film;Kodak;3;;2019 ?;2019 ?;Escura / Carbon, Hong-Kong;1;Escura_dragonballZ.jpg
1561;;Escura Tester ISO 400;Test batch for Vintage negative. Kodak Color Negative 400 Film;Kodak;4;;2019;2019;Escura / Carbon, Hong-Kong;0;
1561;;Escura Vintage Negative Color film ISO 400;Disposable camera film ? Kodak Color Negative 400 Film;Kodak;3;;2019;;Escura / Carbon, Hong-Kong;2;EscuraNegativeVintage400.jpg
1398;013980;Euro Print 200 (White box) #Europrint;Solaris Color FG Plus 200;;2;;;;;0;Europrint200white.jpg
1398;013980;Euro Print 200 (Yellow box) #Europrint;Solaris Color FG Plus 200;;3;;;;;0;Europrint200.jpg
1845;018453;expert CN 135 ;Agfa XRG 200;;2;;90’s;;;0;
0722;007221;Extrafilm 200;Agfacolor Vista 200;Agfa-Gevaert;3;Made in EEC;2002 ?;;Extrafilm, CH;0;Extrafilm200.jpg
1394;013944;Extrafilm 200;Solaris Color FG200;Ferrania;3;Made in EU;2002 ?;;Extrafilm, CH;0;Extrafilm200.jpg
1398;013984;Extrafilm 200;Solaris Color FG Plus 200;Ferrania;3;Made in EU;~2005 ?;;Extrafilm, CH;0;Extrafilm200.jpg
1821;018217;Extrafilm 200;Agfacolor Vista 200;Agfa-Gevaert;3;Fabriqué dans la CE;2002;;Extrafilm, CH;0;Extrafilm200old.jpg
1851;018514;Extrafilm 200;Agfacolor Vista 200;Agfa-Gevaert;3;Made in EEC;2002 ?;;Extrafilm, CH;0;Extrafilm200.jpg
5072;050723;Extrafilm 200;Agfacolor Vista 200;Agfa-Gevaert;3;Fabriqué dans la CE;2002;;Extrafilm, CH;0;Extrafilm200old.jpg
1396;013964;Extrafilm 400;Solaris Color FG400;Ferrania;4;This film is made in EU;2002;;Extrafilm, CH;0;
0200;902004;Extrafilm 400;Superia X-tra 400;Fuji;4;Made in Japan for Extrafilm Australia;2002;;Extrafilm, CH;0;
1394;013944;Family Dollar;Solaris FG200;Made by Imation;4;;;;;0;
1364;013643;FAYS Color Print Film ISO 400 #fay’s;3M Imation Color HP400 (Ferrania);;4;;90’s;;FAYS’s Drug stores, NY;0;
1063;010634;Ferrania Imaging Solaris Chrome 100;;Ferrania Imaging Technologies;;Made in Italy;2000;2005;Ferrania;0;
1395;013954;Ferrania Imaging Solaris Color FG Plus 100 #Fgplus100;;Ferrania Imaging Technologies;;Made in Italy;2003;2013;Ferrania;0;SolarisFGplus.jpg
1398;013980;Ferrania Imaging Solaris Color FG Plus 200 #FGplus200;;Ferrania Imaging Technologies;;Made in Italy;2003;2013;Ferrania;0;SolarisFGplus200.jpg
1399;013990;Ferrania Imaging Solaris Color FG Plus 400 #Fgplus400;;Ferrania Technologies;;Made in Italy;2005;2013;Ferrania;0;SolarisFGplus400.jpg
1402;014020;Ferrania Imaging Solaris Color FG Plus 800 #Fgplus800;;Ferrania Technologies;;Made in Italy;2005;2013;Ferrania;0;FerraniaSolarisFGplus800.jpg
1397;013970;Ferrania Imaging Solaris Color FG400i;Will be improved with FG Plus;Ferrania Imaging Technologies;;Made in Italy;2003;2005;Ferrania;0;
1400;014000;Ferrania Imaging Solaris Color FG800;Will be improved with FG800i;Ferrania Imaging Technologies;;Made in Italy;2000;2003;Ferrania;0;
1401;014010;Ferrania Imaging Solaris Color FG800i;Will be improved with FG Plus;Ferrania Imaging Technologies;;Made in Italy;2003;2005;Ferrania;0;
1393;013930;Ferrania lmaging Solaris Color FG100;Will be improved with FG Plus;Ferrania Imaging Technologies;;Made in Italy;2000;2003;Ferrania;0;
1394;013940;Ferrania lmaging Solaris Color FG200;Will be improved with FG Plus;Ferrania Imaging Technologies;;Made in Italy;2000;2003;Ferrania;0;
1396;013960;Ferrania lmaging Solaris Color FG400;Will be improved with FG400i;Ferrania Imaging Technologies;;Made in Italy;2000;2003;Ferrania;0;FerraniaSolarisFG400.jpg
1394;013944;Ferrania Solaris FG200;;Ferrania;;Finished in the USA by 3M in Oklahoma. Emulsion is made in Italy;2008;2012;3M;0;SolarisFG200.jpg
0385;003850;FILM (blue can) für Farbdiapositive / for Color Slides – Process E6;IMATION CHROME 100;3M / Ferrania;4;;;;;0;
0625;;FilmNeverDie C-41 Color IRO200 色 200;New batch. Rebanded ProValue 200 / Fujicolor 200. But work in batches, so every batches can be a different cheap film…;;3;;2018;end of 2017 ?;Film Never Die;0;IRO200.jpg
0625;;FilmNeverDie C-41 Color IRO200 色 200;Rebanded ProValue 200 / Fujicolor 200. But work in batches, so every batches can be a different cheap film…;;3;;2017;2018;Film Never Die;0;IRO200.jpg
0197;;FilmNeverDie C-41 Color IRO400 色 400;27 exp Superia 400 produced for disposable cameras;;3;;2019;;Film Never Die;2;Iro400.jpg
1561;;FilmNeverDie C-41 Color KIRO400;Kodak Color Negative 400 Film 400-3 (for disposable cameras?);;4;;2020;;Film Never Die;2;Kiro400.jpg
1206;014061;FilmNeverDie SHIROKURO B&W C-41 ISO 400;C-41 chromogenic Agfa film ?;;1;Made in Belgium;2016;;Film Never Die;0;Shirokuro.jpg
1850;018503;Fletchers Colour Print Film ISO 400;Perutz Primera 400 / Agfa Vista 400;;3;;;;Fletchers Photographics;0;
0453;004530;FNAC 100 Film Papier Couleur;Konica Color VX100 Super;Konica;3;Made in Japan;;;French FNAC stores;0;Fnac100.jpg
0454;004543;FNAC 200 Film Papier Couleur;Konica Color VX200 Super;Konica;4;Made in Japan;;;French FNAC stores;0;FNAC200.jpg
0455;004550;FNAC 400 Film Papier Couleur;Konica Color VX400 Super;Konica;3;Made in Japan;;;French FNAC stores;0;Fnac400.jpg
1067;010673;Focal 200 General Purpose by 3M – K-mart brand #kmart;SCOTCH COLOR EXH 200;3M;3;Made in USA;;;K-mart / SS Kresge Company, Michigan;0;Focal200.jpg
1852;018523;Focal Colour Print Film ISO 100;PERUTZ SC 100 Color;;4;Made in Germany;;;K-mart ?;0;
1843;018433;Focal ISO 100;Agfa Color 100;Agfa;3;;;;K-mart / SS Kresge Company, Michigan;0;Focal100by3M.jpg
1850;018503;Focal ISO 400;Agfa Color 400;Agfa;3;;;;K-mart / SS Kresge Company, Michigan;0;
1399;013994;Foma Equicolor premium 400;Rebranded Ferrania color film for CZ market.;Ferrania;3;Made in Italy;2007;2012 ?;Foma, CS/Equicolor, PL;0;FomaEquicolorPremium400.jpg
1395;;Foma Fomapan 100;;;;;80’s ?;90’s ?;Fotochema Bohemia, CS;0;Fomapan100.jpg
1395;;Foma Fomapan 100 Professional;Could be cut out from the midle of raw film roll of Fompan Classic. Only in 120 ?;;;;;;Fotochema Bohemia, CS;2;FomapanPro100.jpg
1395;013954;Foma Fomapan 100 ProfiLine Classic T100;;;;;~2014;2024;Fotochema Bohemia, CS;0;FomapanProf100.jpg
1395;013954;Foma Fomapan 100 ProfiLine Classic T100 (2023’s box);New box, same film.;;;;2024;;Fotochema Bohemia, CS;2;Fomapan100-2023.jpg
1398;;Foma Fomapan 200 Creative;;;;;2001 ?;2012 ?;Fotochema Bohemia, CS;1;FomapanCreativ200.jpg
1398;013984;Foma Fomapan 200 ProfiLine Creative T200;;;;;2012 ?;2023;Fotochema Bohemia, CS;0;Fomapan200.jpg
1398;013984;Foma Fomapan 200 ProfiLine Creative T200 (2023’s box);New box, same film.;;;;2023;;Fotochema Bohemia, CS;2;Fomapan200-2023.jpg
1398;;Foma Fomapan 200 Retro Limited;Special packaging inspired by design of orginal box from 30’s for the upcoming 100 year anniversary. Only 120 format;;;;2019;2020;Fotochema Bohemia, CS;1;Foma200Anniv.jpg
1399;;Foma Fomapan 400;;;;;~1993 ??;2001 ?;Fotochema Bohemia, CS;0;Fomapan400first.jpg
1399;013994;Foma Fomapan 400 ProfiLine Action T400;DX number used by a lot of rebranded film canned by Foma;;;;2012;2023;Fotochema Bohemia, CS;0;Fomapan400.jpg
1399;013994;Foma Fomapan 400 ProfiLine Action T400 (2023’s box);New box, same film.DX number used by a lot of rebranded film canned by Foma;;;;2023;;Fotochema Bohemia, CS;2;Fomapan400-2023.jpg
1847;018470;Forte Fortecolor SP 100 #SP100;Agfacolor XRG / Perutz Primera;Agfa ? Or Forte under licence ?;3;Made in Hungary;;;Forte, H;0;FortecolorSP100.jpg
0272;002724;Forte Fortecolor Super FG100 Plus #FG100+;Agfa ?;Agfa Gevaert AG;2;;1994;~2000 ?;Forte, H;0;
0294;002943;Foto King HR Colour Print HR100 Fotoking;Ferrania ?;;1;Made in Italy;;;;0;FotokingHR100.jpg
0812;008120;FOTOHOME KLEURENFILM ISO 100 Voor Kleurenfoto's;KONICA CENTURIA 100;;3;Made in Japan;;;Kleurenfoto, Amsterdam;0;Fotohome100.jpg
5391;753911;FOTOIMPEX CHM 100 Universal #CHM100 adox;Kentmere;Harman;4;Manufactured in EU;2017 ?;;Fotoimpex;2;FotoimpexCHM100.jpg
5391;753912;FOTOIMPEX CHM 400 Universal #CHM400 adox;Kentmere;Harman;4;Manufactured in EU;2017 ?;;Fotoimpex;2;FotoimpexCHM400.jpg
0756;007560;Fotolabo Club Professional 200 FLC #Fotolaboclub;Agfacolor XRG then Agfacolor Vista 200 ?;Agfa-Gevaert;3;;1999;;Fotolaboclub, CH;0;PhotolaboClub200.jpg
1554;;Fotolabo Club Professional 200 FLC #Fotolaboclub;Kodak Color Negative 200;;3;;;;Fotolaboclub, CH;0;FotoLaboClubPro.jpg
1558;;Fotolabo Club Professional 400 FLC #Fotolaboclub;Kodak Color Negative 400;;2;;;;Fotolaboclub, CH;0;FotoLaboClubPro.jpg
0497;004974;Fotolabo Club Professional New Vision 200 FLC #Fotolaboclub;AgfaColor 200;;3;;;;Fotolaboclub, CH;0;fotolaboclubNewVision200.jpg
1561;;Fotos Film 400;Disposable camera film ? Kodak Color Negative 400 Film;Kodak;3;Film made in USA / Packaged in China;2019 ?;2019 ?;;1;ForosFilm400.jpg
1398;013984;FotoStar 200;Solaris FG Plus 200;Ferrania;4;;Mid 90’s ?;mid 2000’s ?;;0;
0419;004193;Fotostop VXS200 Colour Print Film;Konica Centuria Super 200;;3;Made in Japan;;;Fotostop Express LTD;0;FotoStopVXS200.jpg
0461;004612;Fotostop VXS200 Colour Print Film;Konica VX 200;;3;Made in Japan;~2000 ?;;Fotostop Express LTD;0;FotoStopVXS200.jpg
0461;004612;Fotostop VXS200 Colour Print Film (old style box);Konica VX 200;;2;Made in Japan;;~2000 ?;Fotostop Express LTD;0;FotoStopVXS200OLD.jpg
0462;004620;Fotostop VXS400 Colour Print Film;Konica VX 400;;2;Made in Japan;~2000 ?;;Fotostop Express LTD;0;
0497;004974;"France loisirs 200 iso Papier Couleur (""Smile"" box)";AGFA AgfaColor 200;Agfa;3;Fabriqué en UE;;;France loisirs (French bookshop);0;FranceLoisir200.jpg
5082;050824;France loisirs Color HPX200;;;;Fabriqué en UE;;;France loisirs (French bookshop);0;FranceLoisirHPX200.jpg
0628;106287;Fuji Film For Color Print black can (Diposable camera?);Superia X-TRA 400;;3;Made in Japan;;;;1;FujiIndustrial27exp.jpg
0628;306283;Fuji Film For Color Print black can (Polaroid Diposable camera);Superia X-TRA 400 or Superia Premium 400;;3;Made in Japan;;;;1;FujiIndustrial27exp.jpg
0551;005514;Fuji Fujichrome Sensia II 100;Similar to Fuji Provia ?;;;Made in Japan;~1997;;;0;FujichromeSensiaII100.jpg
0522;005224;Fuji Fujichrome Sensia II 400;Similar to Fuji Provia ?;;;Made in Japan;;;;0;FujichromeSensiaII400.jpg
0578;005781;Fuji Fujicolor Panorama ISO 400;Disposable camera. Super G+ 400 / Superia 400;Fuji;;Made in Japan;;;;0;
0574;205744;Fuji Fujicolor ProPlus 100;Fujicolor 100 for emergent market ? Only by pack of 3 or 5;;2;;;;;0;FujiProplus100.jpg
0574;205744;Fuji Fujicolor ProPlus II 100;Fujicolor 100 for emergent market ? Only by pack of 3 or 5;;2;;;;;0;FujiProplusII100.jpg
0625;206254;Fuji Fujicolor ProPlus II 200;Fujicolor C200 for emergent market ? Only by pack of 3 or 5;;2;;;;;0;FujiProplusII200.jpg
1558;715587;Fuji Fujicolor Quicksnap ISO 400;Kodak Color Negative 400. Found in Fujifilm QuickSnap disposable cameras, 27 exposures. ;Kodak;2;Made in USA, disposable camera;;;Fujifilm;1;FujiQuicksnap400.jpg
0570;605703;Fuji Fujicolor Quicksnap ISO 400 No DX coding, white;Disposable camera. FUJICOLOR SUPER 400 ;Fuji;3;Made in Japan;;;;0;FujiQuickSnap400noDXwhite.jpg
0574;005740;Fuji Fujicolor YKL 100;Cheap Fujicolor C100 for Filipina market. Lot of different boxes...;Fuji;;;End of 70's ?;;YKL Color, Filipina;1;FujiYKL100.jpg
0625;006250;Fuji Fujifilm Professional ProValue 200 CA200;Fujicolor C200 for emergent market ? Only by pack of 5 ?;;2;Made in Brazil ?;;~2009;Fuji photo film do Brasil ltda ?;0;FujiProvalue200.jpg
0201;002010;Fuji Super 800 (Japan);Only japanese market, Similar to Super G 800 ??;;;Made in Japan;;;;0;
0168;;Fuji Super HG 1600 EX #HG1600EX;;Fujifilm;;Made in Japan;;;;0;
0627;006274;Fuji Superia Premium 400;For japanese market, improved Superia X-tra 400;Fuji;;Made In Japan;2009;;;2;FujiSuperiaPrem400.jpg
0574;;Fuji YKL Color Bravo 100;Cheap Fujicolor for Filipina market;Fuji;;;End of 70's ?;;YKL Color, Filipina;0;FujiYKLBravo100.jpg
0524;;FUJICHROME 100D Professional;;;;Made in Japan ;1983;1985;;0;Fujichrome100D.jpg
0524;005244;FUJICHROME 100D Professional (2d version) RDP;;;;Made in Japan ;1985;1987;;0;Fujichrome100Dlast.jpg
0524;005244;FUJICHROME 100D Professional (3d version) RDP;;;;Made in Japan ;1987;;;0;Fujichrome100Dlast.jpg
0524;;Fujichrome 100RD;"""Amateur"" film";Fuji Photo Film Co., Ltd;;Japan;1983 ?;1987;;0;Fujichrome100RD-84.jpg
0524;005244;Fujichrome 100RD 2d version;"""Amateur"" film, improved hue";Fuji Photo Film Co., Ltd;;Japan;1987;1993;;0;Fujichrome100RDnonpro.jpg
0524;005244;"Fujichrome 100RD 3d version ""New Improved""";better reds…;Fuji Photo Film Co., Ltd;;Japan;1993;1996 ?;;0;Fujichrome100RDnonpro.jpg
0680;006800;Fujichrome 1600 Professional D (RSP);Need special PZ processing;Fujifilm;;Made in Japan;1984;1994;;0;
0680;006800;"Fujichrome 1600 Professional D (RSP) ""New Improved""";;Fujifilm;;Made in Japan;1994;;;0;
0522;005224;Fujichrome 400RH;E6;;;Made in Japan;1980;1993;;0;
0522;005224;"Fujichrome 400RH ""New improved""";;;;Made in Japan;1993;1994 ?;;0;
0558;005580;FUJICHROME 64T, TYPE II Professional RTPII;;;;Made in Japan;1985 ?;2007 ?;;0;Fujichrome64T-RTP2.jpg
0550;005500;FUJICHROME ASTIA 100 Professional RAP;;;;Made in Japan;1997;~2008;;0;FujiAstia100Pro.jpg
0516;005160;FUJICHROME ASTIA 100F Code RAP F;;;;Made in Japan;2003;2012;;0;FujiAstia100F.jpg
0559;005590;FUJICHROME DIGITAL OUTPUT FILM;For laser film scanner ?;;;Made in Japan;;;;0;FujiDigitalOutput.jpg
0526;;FUJICHROME DUPLICATING FILM CDU;;;;Made in Japan;;~2000 ?;;0;FujiChromeCDU.jpg
0526;005260;FUJICHROME DUPLICATING FILM CDUII (TypeII);;;;Made in Japan;~2000 ?;2009;;0;FujichromeCDUII.jpg
0512;005120;FUJICHROME fortia;Highly saturated limited edition;;;;2004;2004 ?;;0;
0513;005130;FUJICHROME fortia SP ISO 50 – Batch SP-162;Velvia with enhanced color saturation and contrast. Only for Japan, in limited quantity;;;;2005;2007;;0;FujiFortiaSP.jpg
0513;005130;FUJICHROME fortia SP ISO 50 – Batch SP-164-101;Velvia with enhanced color saturation and contrast. Only for Japan, in limited quantity;;;;2007;2007;;0;FujiFortiaSP.jpg
0559;005594;FUJICHROME MS 100-1000 #RMS MS100/1000;;;;Made in Japan;1998;~2002 ?;;0;FujiMS100-1000.jpg
0548;005480;Fujichrome Provia 100 professional RDP II Daylight rdpII;Velvia technology. Replaced by 100F;;;Made in Japan;1994;1999;;0;FujichromeProvia100.jpg
0557;005574;FUJICHROME PROVIA 100F RDP II Professional RDPII;;;;Made in Japan;;1999;;0;
0557;005570;FUJICHROME PROVIA 100F RDP III Professional RDPIII;;;;Made in Japan ;1999;2024;;0;Provia100F.jpg
0522;005220;FUJICHROME PROVIA 400 RHP;;;;Made in Japan ;1994;;;0;FujichromeProvia400RHP.jpg
0554;005540;FUJICHROME PROVIA 400F Professional RHPIII;;;;Made in Japan ;2000;2013;;0;Provia400F-RHPIII.jpg
0544;005440;FUJICHROME PROVIA 400X Professional RXP;Replaced 400F then discontinued…;;;Made in Japan ;2006;2015;;0;FujiProvia400X.jpg
0680;006800;FUJICHROME RH1600;;;;Made in Japan ;;;;0;
0680;006800;FUJICHROME RSP;;;;Made in Japan ;;;;0;Fujichrome100.jpg
0515;005150;FUJICHROME SENSIA 100 RA #100ra;;;;Made in Japan ;;;;0;FujichromeSensia100RA.jpg
0515;105154;FUJICHROME SENSIA 100 RA #100ra;;;;Made in Japan ;;;;0;FujichromeSensia100RA.jpg
0551;105514;FUJICHROME SENSIA 100 RA #100ra;;;;Made in Japan ;;;;0;FujichromeSensia100RA.jpg
0549;005494;FUJICHROME SENSIA 100 RD #100rd;;;;Made in Japan;1994;;;0;
0547;005474;FUJICHROME SENSIA 200 RM #200rm;;;;Made in Japan ;;;;0;FujiSensia200.jpg
0555;005550;FUJICHROME SENSIA 200 RM #200rm;;;;Made in Japan ;1994;2000;;0;FujiSensia200.jpg
0555;105554;FUJICHROME SENSIA 200 RM Improved #200rm;New reala technolgy;;;Made in Japan ;2000;;;0;
0546;005460;FUJICHROME SENSIA 400 RH #400rh;;;;Made in Japan ;1994;2000;;0;
0546;105464;FUJICHROME SENSIA 400 RH improved #400rh;New reala technolgy;;;Made in Japan ;2000;;;0;
0514;005140;FUJICHROME T64 PROFESSIONAL;;;;Made in Japan ;2005;;;0;FujichromT64pro.jpg
0553;005530;FUJICHROME TREBI 100C;;;;Made in Japan;2001;;;0;FujiTrebi100C.jpg
0523;005230;FUJICHROME VELVIA 100;;;;Made in Japan;2003;;;1;FujiVelvia100.jpg
0527;005270;FUJICHROME VELVIA 100F (New version?);;;;Made in Japan;2013;~2015 ?;;1;FujiVelvia100F.jpg
0527;005270;FUJICHROME VELVIA 100F RVP F (First version?);;;;Made in Japan;2003;2013 ?;;0;FujiVelvia100F.jpg
0517;005174;Fujichrome Velvia 50 (RVP50);50 Iso, reintroduced as Velvia 50 (film coded RVP50);;;Made in Japan;2007;~2012 ?;;0;Velvia50RVPold.jpg
0518;005180;FUJICHROME VELVIA 50 (RVP50);50 Iso, reintroduced in 2007 as Velvia 50 (film coded RVP50). New box design;;;Made in Japan;~2012 ?;;;2;Velvia50RVP.jpg
0517;005170;FUJICHROME VELVIA RVP;50 Iso, original Velvia;;;Made in Japan;1990;2005;;0;Velvia.jpg
0135;001350;FUJICOLOR 100;;;;Made in Japan;;;;0;Fujicolor100.jpg
0567;005670;FUJICOLOR 100;;;;Made in Japan;;;;0;Fujicolor100.jpg
0574;005744;FUJICOLOR 100;;;;Made in Japan;;;;0;Fujicolor100.jpg
0574;105744;Fujicolor 100 (Arabic & emergent market export version) ;Fujicolor SUPER 100;;4;Made in Japan;;;;0;FujiColor100Arab.jpg
0574;005744;FUJICOLOR 100 Japan;Japan version, 3 Roll pack only ?;;;Made in Japan;;;;1;Fujicolor100Jap.jpg
0634;306343;Fujicolor 1600 写ルンです 27 exp. Green can (Superia?);Disposable camera ? Similar to Natura 1600 / Superia 1600;Fuji Photo Film Co., Ltd;;Japan;;;;0;Fuji1600Disp.jpg
0206;002060;FUJICOLOR 160NS;;Fuji Photo Film Co., Ltd;;Made in Japan;;;;0;Fuji160NS.jpg
0134;001340;FUJICOLOR 160S Professional NSP160;Became PRO 160S ?;Fuji Photo Film Co., Ltd;;Made in Japan;1985;2010 ?;;0;FujiColor160NSP.jpg
0129;001290;FUJICOLOR 200;;Fuji Photo Film Co., Ltd;;Made in Japan;;;;0;Fujicolor200.jpg
0130;001300;FUJICOLOR 200;;Fuji Photo Film Co., Ltd;;Made in Japan;;;;0;Fujicolor200.jpg
0625;006253;Fujicolor 200 ;Indian market only ?;Fuji Photo Film Co., Ltd;;;;;;0;Fujicolor200.jpg
0625;106253;Fujicolor 200 ;;Fuji Photo Film Co., Ltd;;;;;;0;Fujicolor200.jpg
0625;606253;Fujicolor 200 Wal-mart branded film #Walmart;By x2 or x4 packs;Fuji Photo Film Co., Ltd;;;;;;0;Fuji200Walmart.jpg
0193;001930;FUJICOLOR 400;;Fuji Photo Film Co., Ltd;;Made in Japan;;;;0;Fujicolor200.jpg
0574;105744;Fujicolor C100 ;;Fuji Photo Film Co., Ltd;;Made in Japan;;;;0;FujicolorC100.jpg
0625;106254;Fujicolor C200 135;Also sold under Fujicolor 200 (name on the canister) ;Fuji Photo Film Co., Ltd;;Made in Japan;;;;2;FujiC200.jpg
0130;001300;Fujicolor F-II 400 #FII400 F2;First 400 ASA color film;Fuji Photo Film Co., Ltd;;;1976;1983;;0;FujicolorFII400.jpg
0169;001690;FUJICOLOR HG 400 Professional Film NHG #NHG400 HG400 400HG;Super HG technology with less contrast. Replaced by NHG II;Fuji Photo Film Co., Ltd;;Made in Japan;1990;1999;;0;FujiNHG400.jpg
0140;001401;Fujicolor HR100 ;;;;Made in Japan;1983;~1986;;0;FujicolorHR100.jpg
0140;001401;Fujicolor HR100 Official Film Soccer World Cup 1986;;;;Made in Japan;~1986;~1986;;0;
0136;001360;Fujicolor HR1600 Color negative;First ASA 1600 color negative film;Fuji Photo Film Co., Ltd;;Made in Japan;1984;~1986;;0;FujicolorHR1600.jpg
0131;001310;Fujicolor HR200 ;Same code as SHR 200 ?!;;;Made in Japan;1984;~1986;;0;FujicolorHR200.jpg
0139;001390;Fujicolor HR200 (Gen 2?);;;;Made in Japan;1984;~1986;;0;FujicolorHR200.jpg
0138;001380;Fujicolor HR400 ;;;;Made in Japan;1983;~1986;;0;FujicolorHR400.jpg
0170;001700;Fujicolor HR400 ;;;;Made in Japan;1983;~1986;;0;FujicolorHR400.jpg
0137;001370;Fujicolor HR400 (Gen 2?);;;;Made in Japan;1983;~1986;;0;FujicolorHR400.jpg
0574;005743;Fujicolor Industrial 100 業務記錄用 business;Fujicolor 100. <i>packaged in bulk for business use</i> Japan market only;;4;Made in Japan;;;;0;Fujicolor100Indus.jpg
0625;006254;Fujicolor Industrial 100 業務記錄用 business;Fujicolor 100. <i>packaged in bulk for business use</i> Japan market only;;4;Made in Japan;;2021;;0;Fujicolor100Indus.jpg
0628;106283;Fujicolor Industrial 400 業務記錄用 business;Superia X-TRA 400 <i>packaged in bulk for business use</i> Japan market only;;3;Made in Japan;;2018 ?;;0;Fujicolor400Indus.jpg
0634;006344;Fujicolor Natura 1600;For japan market, probably same film as Superia 1600;Fuji;3;Made in Japan;~2004;May 2018;;0;Natura1600.jpg
0564;005640;FUJICOLOR NPC 160 PROFESSIONAL #NPC160;;Fuji Photo Film Co., Ltd;;Made in Japan;2000;~2005;;0;FujiNPC160pro.jpg
0577;005770;FUJICOLOR NPH 400 Professional #NPH400;Name changed to PRO 400H;Fuji Photo Film Co., Ltd;;Made in Japan;2002;~2006;;0;FujiNPH400.jpg
0584;005840;FUJICOLOR NPH 400 Professional #NPH400;Name changed to 400H;Fuji Photo Film Co., Ltd;;Made in Japan;1996;2002 ?;;0;
0198;001984;Fujicolor NPS 160 Professional #NPS160;Reala technology, similar to NPS;Fuji Photo Film Co., Ltd;;Made in Japan;1994;~2004;;0;FujiNPS.jpg
0576;005760;FUJICOLOR NPZ 800 Professional #NPZ800;Remplacement for NHGII 800. Then name changed to 800Z;Fuji Photo Film Co., Ltd;;Made in Japan;2001;~2006;;0;FujicolorNPZ800.jpg
0634;006344;Fujicolor Press 1600 #press1600 Superia Natura;Same film as Superia/Natura 1600, but refrigerated since the time of manufacture;Fuji;;Made in Japan;2001;~2010 ?;;0;FujiPress1600.jpg
0560;105604;Fujicolor Press 1600 #press1600 Superia Natura;Same film as Superia/Natura 1600, but refrigerated since the time of manufacture;Fuji;;Made in Japan;2001;~2010 ?;;0;FujiPress1600.jpg
0200;102004;Fujicolor Press 400 #press400 Superia;Superia / X-tra 400 refrigerated since the time of manufacture;Fuji;;Made in Japan;1999 ?;~2010 ?;;0;FujiPress400.jpg
0581;005814;Fujicolor Press 800 Super G #press800 superG;Super G+ refrigerated since the time of manufacture;Fuji;;Made in Japan;1999 ?;~2010 ?;;0;FujiPress800.jpg
0561;105614;Fujicolor Press 800 Superia #press800;Superia refrigerated since the time of manufacture;Fuji;;Made in Japan;1999 ?;~2010 ?;;0;FujiPress800.jpg
0161;001610;FUJICOLOR PRO 160C #PRO160C;High contrast, natural tones;;;Made in Japan;~2005;2010;;0;FujiPro160C.jpg
0206;002060;FUJICOLOR PRO 160NC #PRO160NC;"""NC is dedicated for fashion and commercial photo uses"". Only japan market ?";;;Made in Japan;2004;;;0;FujiPro160NC.jpg
0160;001600;FUJICOLOR PRO 160NS #Pro160NS;"pro 160S for Japan market. Discontinued on all country except Japan ? ""NS is designed for studio portrait application""";;;Made in Japan;2010;2015 (except Japan?);;2;FujiPro160NS.jpg
0160;001600;FUJICOLOR PRO 160S #pro160s;Soft contrast, deep tones. Renamed Pro 160NS;;;Made in Japan;~2005;2010 ?;;0;FujiPro160S.jpg
0571;005710;FUJICOLOR PRO 400 #pro400;;;;Made in Japan;1999;2002;;0;
0587;005870;FUJICOLOR PRO 400 New PN400N #Pro400n;;;;Made in Japan;2002;2014 ?;;0;FujicolorNewPro400.jpg
0587;105874;FUJICOLOR PRO 400 New PN400N #Pro400n;;;;Made in Japan;2002;2014 ?;;0;FujicolorNewPro400.jpg
0584;105844;Fujicolor Pro 400H #PRO400H NPZ400;Fujicolor NPH 400;;3;Made in Japan;~2003 ?;2021;;0;FujiPro400H.jpg
0561;005613;FujiColor Pro 800Z;Fujicolor NPZ 800;;3;Made in Japan;~2003 ?;~2009;;0;FujicolorPro800Z.jpg
0636;006363;Fujicolor QuickSnap 1000 ;Superia 1000 for disposable camera;;;Made in Japan;2004 ?;;;0;
0193;301933;Fujicolor QuickSnap 400 no DX coding, core splined, black;;;;Made in Japan;;;;0;FujiQuickSnap400noDX.jpg
0172;001742;FUJICOLOR REALA 100 Gen 1;First film to reproduce colors as they are seen by the human eye;;;Made in Japan;1989;mid 90's ?;;0;FujicolorReala.jpg
0174;001744;FUJICOLOR REALA 100 Gen 2;First film to reproduce colors as they are seen by the human eye;;;Made in Japan;mid 90's ?;~2005 ?;;0;FujicolorReala.jpg
0166;001660;FUJICOLOR REALA 100 Japan;First film to reproduce colors as they are seen by the human eye;;;Made in Japan;1989;~2005 ?;;0;FujicolorReala.jpg
0136;001360;FUJICOLOR REALA ACE 100;;;;Made in Japan;2010;;;0;FujiRealaAce.jpg
0590;005900;FUJICOLOR REALA ACE 100 Japan;For Japan;;;Made in Japan;2010;;;0;FujiRealaAce.jpg
0582;005820;Fujicolor Reala New;;;;Made in Japan;;;;0;FujiSuperiaReala100.jpg
0200;602004;"Fujicolor S400 ""industrial ?"" S-400";;Fuji;;Made in Japan;;;;0;
0573;005730;FUJICOLOR SUPER 100 SP100;;;;Made in Japan;;;;0;FujicolorSuper100.jpg
0574;005740;FUJICOLOR SUPER 100 SP100;;;;Made in Japan;;;;0;FujicolorSuper100.jpg
0570;005700;FUJICOLOR SUPER 400 Japan SP400;For Japan market ;;;Made in Japan;1998;;;0;FujicolorSuper400.jpg
0570;405704;FUJICOLOR SUPER 400 Japan SP400;For Japan market;;;Made in Japan;1998;;;0;FujicolorSuper400japan.jpg
0570;;FUJICOLOR SUPER 400FT Fine & Tough;For Japan market ? Name for Super 400 in five pack ??;;;Made in Japan;~1998 ?;;;0;FujicolorSuper400FT.jpg
0204;002040;Fujicolor Super G 100 Japan SG100 #superG100;Only japanese market;;;Made in Japan;1993;;;0;FujicolorSuprG100.jpg
0588;005880;Fujicolor Super G 100 Japan SG100 #superG100;Only japanese market;;;Made in Japan;1992;;;0;
0196;001960;Fujicolor Super G 100 SG100 CN-4 (gen 1) #SuperG200;;;;Made in Japan;1992;;;0;
0195;001953;Fujicolor Super G 200 SG200 #SuperG200;;;;Made in Japan;1993;;;0;FujicolorSuperG200.jpg
0137;001370;Fujicolor Super G 200 Superia SG200 #SuperG200;;;;Made in Japan;1993;;;0;FujicolorSuperG200.jpg
0194;001940;Fujicolor Super G 400 Gen 1 SG400 #SuperG400;;;;Made in Japan;1993;;;0;FujicolorSuperG400.jpg
0202;002023;Fujicolor Super G 400 Gen 2 Japan SG400 #SuperG400;;;;Made in Japan;1993;;;0;FujicolorSuperG400.jpg
0201;002010;Fujicolor Super G 800 SG800 #SuperG800;;;;Made in Japan;1993;;;0;
0589;005890;Fujicolor Super G Ace 100 Japan #SGace100;For Japan market;;;Made in Japan;;;;0;
0586;005860;FUJICOLOR SUPER G ACE 400 CH-4 Japan #superGace SG400;For Japan market;;;Made in Japan;1986 ??;;;0;FujiSuperGace400.jpg
0585;005850;FUJICOLOR SUPER G ACE 800 Japan #superGace SG800;For Japan market;;;Made in Japan;1986 ??;;;0;
0580;005803;FUJICOLOR SUPER G PLUS 100 #superGplus SG+ SG100+ SG100plus;;;;Made in Japan;1995;;;0;FujiSuperGplus100.jpg
0579;005793;FUJICOLOR SUPER G PLUS 200 #superGplus SG+ SG200+ SG200plus;;;;Made in Japan;1995;;;0;FujiSuperGplus200.jpg
0578;005780;FUJICOLOR SUPER G PLUS 400 #superGplus SG+ SG400+ SG400plus;;;;Made in Japan;1995;;;0;FujiSuperGplus400.jpg
0581;005814;FUJICOLOR SUPER G PLUS 800 #superGplus SG+ SG800+ SG800plus;;;;Made in Japan;1995;;;0;FujicolorSuperGplus800.jpg
0165;001650;Fujicolor Super HG100 Gen 1 #SuperHG SHG;;Fujifilm;;Made in Japan / Made in Holland;1990;;;0;FujicolorSuperHG100.jpg
0173;001733;Fujicolor Super HG100 Gen 2 #SuperHG SHG;;Fujifilm;;Made in Japan / Made in Holland;1990;;;0;FujicolorSuperHG100.jpg
0168;001684;Fujicolor Super HG1600 #SuperHG SHG;;Fujifilm;;Made in Japan;1990;;;0;FujiSuperHG1600.jpg
0171;001710;Fujicolor Super HG200 #SuperHG SHG;;Fujifilm;;Made in Japan ;1989;;;0;FujicolorSuperHG200.jpg
0170;001704;Fujicolor Super HG400 #SuperHG SHG;;Fujifilm;;Made in Japan ;1989;;;0;FujiSuperHG400.jpg
0175;001753;Fujicolor Super HGII100 #SuperHG SHGII100;;Fujifilm;;Made in Japan;~1993 ??;;;0;FujiSuperHGII100.jpg
0199;001990;Fujicolor Super HGII100 #SuperHG SHGII100;;Fujifilm;;Made in Japan;~1993 ??;;;0;FujiSuperHGII100.jpg
0167;001670;Fujicolor Super HGII100 US version #SuperHG SHGII100;;Fujifilm;;Made in Japan;~1993 ??;;;0;FujiSuperHGII100.jpg
0163;001630;Fujicolor Super HGII200 #SuperHG SHGII200;;Fujifilm;;Made in Japan;~1993 ??;;;0;FujicolorSuperHGII200.jpg
0203;002030;Fujicolor Super HGII200 #SuperHG SHGII200;;Fujifilm;;Made in Japan;~1993 ??;;;0;FujicolorSuperHGII200.jpg
0162;001620;Fujicolor Super HGII400 #SuperHG SHGII400;;Fujifilm;;Made in Japan;~1993 ??;;;0;
0205;002053;Fujicolor Super HGV100 Asia #SuperHG SHGV;For asian market;Fujifilm;;Made in Japan ;~1992 ?;;;0;FujicolorSuperHGV100.jpg
0203;002034;Fujicolor Super HGV200 Asia #SuperHG SHGV;For asian market;Fujifilm;;Made in Japan ;~1992 ?;;;0;FujicolorSuperHGV200.jpg
0207;002074;Fujicolor Super HGV400 Asia #SuperHG SHGV;For asian market;Fujifilm;;Made in Japan ;~1992 ?;;;0;FujiSuperHGV400.jpg
0133;001333;Fujicolor Super HQ100 SHQII #SuperHQ100;;;;Made in Japan;;;;0;FujiSuperHQ100.jpg
0135;001351;Fujicolor Super HQ100 SHQII #SuperHQ100;;;;Made in Japan;;;;0;FujiSuperHQ100.jpg
0129;001293;Fujicolor Super HQ200 (Pink) SHQII #SuperHQ200;;;;Made in Japan;;;;0;
0141;001413;Fujicolor Super HQ200 SHQII #SuperHQ200;;;;Made in Japan;;;;0;FujiSuperHQ200.jpg
0171;001713;Fujicolor Super HQ200 SHQII #SuperHQ200;;;;Made in Japan;;;;0;FujiSuperHQ200.jpg
0141;601413;Fujicolor Super HQ200 Wal-mart branded film SHQII #walmart SuperHQ100 ;;;;Made in Japan;;;;0;
0203;002033;Fujicolor Super HQII 200 #SHQII SuperHQ2;;;;Made in Japan;;;;0;
0132;001323;"Fujicolor Super HR100 ""Expo 88"" #SuperHR SHR";Official Film of World Expo 88;;;Made in Japan;~1987;1988;;0;SuperHRexpo88.jpg
0172;001720;"Fujicolor Super HR100 ""World Cup 1998"" #SuperHR SHR";The Official Film of World Cup France 1998;;;Made in Japan;~1997;1998;;0;FujiSuperHR100WorldCup.jpg
0132;001323;Fujicolor Super HR100 Gen 1 #SuperHR SHR;;;;Made in Japan;1984;~1986 ?;;0;FujiSuperHR100.jpg
0164;001643;Fujicolor Super HR100 Gen 2 #SuperHR SHR;;;;Made in Japan;~1986 ?;90’s ?;;0;FujiSuperHR100.jpg
0172;001720;Fujicolor Super HR100 Gen 3 #SuperHR SHR;;;;Made in Japan;90’s ?;;;0;FujiSuperHR100.jpg
0168;001680;Fujicolor Super HR1600 (Gen 1?) #SuperHR SHR;;;;Made in Japan;1986;;;0;FujiSuperHR1600.jpg
0128;001280;Fujicolor Super HR1600 (Gen 2?) #SuperHR SHR;;;;Made in Japan;1986;;;0;FujiSuperHR1600.jpg
0131;001310;Fujicolor Super HR200 Gen 1 #SuperHR SHR;;;;Made in Japan;1984;90’s ?;;0;FujicolorSuperHR200.jpg
0163;001630;Fujicolor Super HR200 Gen 2 #SuperHR SHR;;;;Made in Japan;90’s ?;;;0;FujicolorSuperHR200.jpg
0130;001300;Fujicolor Super HR400 Gen 1 #SuperHR SHR;;;;Made in Japan;1984;90’s ?;;0;FujiSuperHR400.jpg
0162;001620;Fujicolor Super HR400 Gen 2 #SuperHR SHR;;;;Made in Japan;90’s ?;;;0;FujiSuperHR400.jpg
0132;001324;Fujicolor Super HRII 100 #SHRII100 SHR100II SuperHR2;;;;Made in Japan;1989;;;0;FujiSuperHRII100.jpg
0164;001643;Fujicolor Super HRII 100 #SHRII100 SHR100II SuperHR2;;;;Made in Japan;1989;;;0;FujiSuperHRII100.jpg
0128;001280;Fujicolor Super HRII 1600 #SHRII1600 SHR1600II SuperHR2;;;;Made in Japan;1989;;;0;FujicolorSuperHRII1600.jpg
0163;001630;Fujicolor Super HRII 200 #SHRII200 SHR200II SuperHR2;;;;Made in Japan;1989;;;0;
0162;001620;Fujicolor Super HRII 400 #SHRII400 SHR400II SuperHR2;;;;Made in Japan;1991 ?;;;0;
0143;001430;FUJICOLOR SUPER V100 #SV100 SuperV100;;;;Made in Japan;;;;1;
0591;005910;FUJICOLOR SUPER V100 CN-8 #SV100 SuperV100;;;;Made in Japan;;;;1;
0128;001280;FUJICOLOR SUPERIA 100;;;;Made in Germany (?);;;;0;FujicolorSuperia100.jpg
0133;001330;FUJICOLOR SUPERIA 100;;;;Made in Japan;1999;;;1;FujicolorSuperia100.jpg
0140;001400;FUJICOLOR SUPERIA 100;;;;Made in Japan;1999;;;1;FujicolorSuperia100.jpg
0142;001424;FUJICOLOR SUPERIA 100;Asia (Korean?) export version ?;;;Made in Japan ?;1999;;;0;FujicolorSuperia100.jpg
0204;002040;FUJICOLOR SUPERIA 100;;;;Made in Japan;1999;;;1;FujicolorSuperia100.jpg
0572;005720;FUJICOLOR SUPERIA 100;;;;Made in Japan;1999;;;1;FujicolorSuperia100.jpg
0565;005650;FUJICOLOR SUPERIA 100 New;;;;Made in Japan;1999;;;1;FujicolorSuperia100.jpg
0566;005660;FUJICOLOR SUPERIA 100 New;;;;Made in Japan;1999;;;1;FujicolorSuperia100.jpg
0636;006360;FUJICOLOR SUPERIA 1000;;;;Made in Japan;;;;0;
0560;005600;FUJICOLOR SUPERIA 1600;;;;Made in Japan;2000;;;0;FujiSuperia1600.jpg
0568;005680;FUJICOLOR SUPERIA 1600;;;;Made in Japan;2000;;;0;FujiSuperia1600.jpg
0634;006340;FUJICOLOR SUPERIA 1600;;;;Made in Japan;2000;;;0;FujiSuperia1600.jpg
0634;106340;FUJICOLOR SUPERIA 1600;;;;Made in Japan;2000;;;0;FujiSuperia1600.jpg
0632;206324;FUJICOLOR SUPERIA 1600;;;;Made in Japan;2000;;;0;FujiSuperia1600.jpg
0131;001310;FUJICOLOR SUPERIA 200;;;;Made in Japan;1999;;;1;FujiSuperia200generic.jpg
0141;001410;FUJICOLOR SUPERIA 200;;;;Made in Japan;1999;;;1;FujiSuperia200generic.jpg
0195;001950;FUJICOLOR SUPERIA 200;;;;Made in Japan;1999;;;1;FujiSuperia200generic.jpg
0625;106254;FUJICOLOR SUPERIA 200;;;;Made in Japan;90’s;;;1;FujiSuperia200generic.jpg
0624;206244;FUJICOLOR SUPERIA 200;;;;Made in Japan;1999;;;1;FujiSuperia200generic.jpg
0195;701950;FUJICOLOR SUPERIA 200;;;;Made in Japan;1999;;;1;FujiSuperia200generic.jpg
0563;005630;FUJICOLOR SUPERIA 200 New;;;;Made in Japan;1999;;;1;FujiSuperia200generic.jpg
0575;005750;FUJICOLOR SUPERIA 400;;;;Made in Japan;1999;;;1;FujiSuperia400.jpg
0578;005783;FUJICOLOR SUPERIA 400;;;;Made in Japan;1999;;;0;FujiSuperia400.jpg
0626;006260;FUJICOLOR SUPERIA 400;;;;Made in Japan;1999;;;1;FujiSuperia400.jpg
0628;006280;FUJICOLOR SUPERIA 400;;;;Made in Japan;1999;;;1;FujiSuperia400.jpg
0562;005620;FUJICOLOR SUPERIA 400 New;;;;Made in Japan;1999;;;1;FujiSuperia400.jpg
0569;005690;"FUJICOLOR SUPERIA 800 ""Zoom Master""";;;;Made in Japan;2000;;;0;FujiSuperia800.jpg
0635;006350;"FUJICOLOR SUPERIA 800 ""Zoom Master""";;;;Made in Japan;2000;;;0;FujiSuperia800.jpg
0581;005813;Fujicolor Superia 800 CZ;;;;Made in Japan;;;;0;
0583;005830;Fujicolor Superia Reala 100 ;;;;Made in Japan;;;;0;FujiSuperiaReala100.jpg
0136;101364;Fujicolor Superia Reala 100 ;;;;Made in Japan;;;;0;FujiSuperiaReala100.jpg
0632;006320;FUJICOLOR SUPERIA VENUS 1600;Japanese market only;;;Made in Japan;2003;;;1;FujiVenus1600.jpg
0200;002007;FUJICOLOR SUPERIA VENUS 400;Japanese market only. Improved X-tra 400 ?;;;Made in Japan;2003;;;1;FujiVenus400.jpg
0633;006330;FUJICOLOR SUPERIA VENUS 800;Japanese market only, same or improved Superia X-tra 800;;;Made in Japan;2003;;;0;FujiSuperiaVenus800First.jpg
0635;006354;FUJICOLOR SUPERIA VENUS 800;Japanese market only, same or improved Superia 800;;;Made in Japan;2003;;;0;SuperiaVenus800.jpg
0635;006357;FUJICOLOR SUPERIA VENUS 800;New version is SUPERIA 800 ? batch Y72304 (Exp. 2019) - Japanese market only;;;Made in Japan;2017 ?;Dec 2019;;0;SuperiaVenus800.jpg
0561;005613;Fujicolor Superia X-Tra 400 #XTRA400;;;;Made in Japan;;;;0;FujiSuperiaXtra400.jpg
0562;005623;Fujicolor Superia X-Tra 400 #XTRA400;;;;Made in Japan;;;;0;FujiSuperiaXtra400.jpg
0628;106283;Fujicolor Superia X-tra 400 #XTRA400;;;;;;;;0;FujiSuperiaXtra400.jpg
0635;106353;Fujicolor Superia X-Tra 400 #XTRA400;;;;;;;;0;FujiSuperiaXtra400.jpg
0200;202003;Fujicolor Superia X-Tra 400 #XTRA400;;;;Made in Japan;;;;0;FujiSuperiaXtra400.jpg
0626;206263;Fujicolor Superia X-tra 400 #XTRA400;;;;;;;;0;FujiSuperiaXtra400.jpg
0628;206283;Fujicolor Superia X-tra 400 #XTRA400;;;;;;;;0;FujiSuperiaXtra400.jpg
0197;601973;Fujicolor Superia X-tra 400 #XTRA400;;;;Made in Japan;;;;0;FujiSuperiaXtra400.jpg
0581;005813;Fujicolor Superia X-Tra 400 0626;;;;Made in Japan;;;;0;FujiSuperiaXtra400.jpg
0197;001970;FUJICOLOR SUPERIA X-TRA 400 CH 4th color layer #XTRA400 X-TRA400;;;;Made in Japan;;2024;;0;FujiSuperiaXtra400.jpg
0200;502003;Fujicolor Superia X-tra 400 Costco branded film #XTRA400;;;;Made in Japan;;;;0;FujiXtra400Costco.jpg
0197;601973;Fujicolor Superia X-tra 400 Wal-mart branded film #walmart XTRA400;;;;Made in Japan;;;;0;FujiXtra400Walmart.jpg
0200;602003;Fujicolor Superia X-tra 400 Wal-mart branded film #walmart XTRA400;;;;Made in Japan;;;;0;FujiXtra400Walmart.jpg
0562;605623;Fujicolor Superia X-tra 400 Wal-mart branded film #walmart XTRA400;;;;Made in Japan;;;;0;FujiXtra400Walmart.jpg
0626;606263;Fujicolor Superia X-tra 400 Wal-mart branded film #walmart XTRA400;;;;Made in Japan;;;;0;FujiXtra400Walmart.jpg
0561;005610;Fujicolor Superia X-tra 800 #XTRA800;Superia 800 for US market;;;;;~2016 ?;;0;FujiXtra800.jpg
0635;106353;Fujicolor Superia X-tra 800 #XTRA800;Superia 800 for US market. Same DX code as X-tra 400;;;;;~2016 ?;;0;FujiXtra800.jpg
0541;005414;FUJICOLOR SUPERIA X-TRA 800 CH 4th color layer #XTRA800 X-TRA800;;;;;;~2016 ?;;0;FujiSuperiaXtra800.jpg
0192;001920;Fujicolor TRUE DEFINITION 400 CH11 / TD400;Derivated from Superia X-tra 400, for US market;;;;;;;0;FujiTrueDefinition.jpg
0130;001300;Fujicolor Z200;Fujicolor 200 for LIDL discount supermaket;;3;;~2006 ?;;LIDL Stiftung & Co-KG, DE;0;FujiColorZ200.jpg
0625;106250;Fujifilm 200 China #C200;Fuji Superia C200. Also available under the brand Yes!Star Supreme 200 for China market;Guangxi Giant Star Medical Equipment Co Ltd (under Fujifilm licence);3;China;2024;;Yes!Star (China);2;Fuji200china.jpg
0625;506254;FUJIFILM 200 made in USA #fuji200;Could be tweaked Color Plus 200;Kodak…;3;Made in USA;;2022 ?;;2;Fuji200-USA.jpg
0628;106284;Fujifilm 400 China #C400;Fuji Superia C400 (X-TRA?) Also available under the brand Yes!Star Supreme 400 for China market;Guangxi Giant Star Medical Equipment Co Ltd (under Fujifilm licence);3;China;2024;;Yes!Star (China);2;Fuji400china.jpg
0561;105614;Fujifilm 800 Quicksnap;Fujicolor Superia X-TRA 800 for disposable camera;;3;;;;;0;
0561;305614;Fujifilm 800 Quicksnap;Fujicolor Superia X-TRA 800 for disposable camera;;3;;;;;0;
0000;000004;Fujifilm Neopan 400 Presto (Japan market);Neopan 400 for Japan market;;;;~1986;2014;;0;FujiNeopanPresto.jpg
0000;000000;Fujifilm Neopan 400 Professional;Neopan 100 & 400 share same code…;;;Made in Japan;~1987;2012;;0;FujiNeopan400.jpg
0000;000000;Fujifilm Neopan 400 Professional (reintroduced last batch before totaly discontinued);Neopan 100 & 400 share same code…;;;Made in Japan;~2013;2014;;0;FujiNeopan400.jpg
1764;117644;Fujifilm Neopan 400CN (Professional / C-41) ;XP2 made by Ilford under Fuji’s specs.;;4;Made in UK;~2003;2018 ?;;1;FujiNeopan400CN.jpg
0000;;Fujifilm Neopan 400UG (Uniform grain, first version);Not the T-grain new Neopan 400…;;;Made in Japan;1979;~1987;;0;Neopan400FirstJap.jpg
0000;000000;Fujifilm Neopan Acros 100 ;Neopan 100 & 400 share same code...;;;Made in Japan;~ 2005 ?;October 2018 (bulk : 2007);;0;Acros100.jpg
0000;100004;Fujifilm Neopan Acros 100 (old package);;;;Made in Japan;2000 japan, 2001 world;~ 2005 ?;;0;Acros100OLD.jpg
0000;100004;Fujifilm Neopan Acros II 100 #AcrosII100 100II;New version of Acros 100. Manufactured by Ilford under Fujifilm specifications;;;Made in UK;Nov 2019 (Japan) Spring 2020 (World);;;2;FujiAcros100II.jpg
0000;;Fujifilm Neopan SS - 100 ISO – #SS100;First version;;;Made in Japan;~1952;~80's;;0;FujiNeopanSSfirst.jpg
0000;000004;Fujifilm Neopan SS - 100 ISO – DX coded #SS100;Asia and selected markets only (Parallel import elsewhere);;;Made in Japan;~80's;2012;;0;FujiNeopanSS.jpg
0628;206283;Generic 27exp Film for color prints ISO 400;Fuji Superia X-tra 400;Fuji;3;;;;;0;Generic27exp400.jpg
0459;004597;Generic Blue White Film for color print ISO 400 24+3;Konica VX ?;;2;;;;Made in Japan;0;GenericISO400blueWhite.jpg
1394;013947;Generic film for color print 35mm ;Disposable camera, DX printed on paper… Ferrania film ?;;1;;;;;0;
1820;;Germany Film Inside – black paper ISO 200;Agfacolor Vista 200;;3;;;;;0;
1250;;HANALOGITAL Agate ISO 200;Pre-exposed/soaked Kodak 200 color film (could be other cheap film depending batch…). C-41 process, residue from the filmsoup on the film may damage the chemestry in developing machines;;;;2021;;HANALOGITAL, germany;1;
1250;512504;HANALOGITAL Bokeh ISO 200;Pre-exposed/soaked Kodak 200 color film (could be other cheap film depending batch…). C-41 process, residue from the filmsoup on the film may damage the chemestry in developing machines;;;;2021;;HANALOGITAL, germany;1;
1250;;HANALOGITAL Charoite ISO 200;Pre-exposed/soaked Kodak 200 color film (could be other cheap film depending batch…). C-41 process, residue from the filmsoup on the film may damage the chemestry in developing machines;;;;2021;;HANALOGITAL, germany;1;
1250;;HANALOGITAL Confetti ISO 200;Pre-exposed/soaked Kodak 200 color film (could be other cheap film depending batch…). C-41 process, residue from the filmsoup on the film may damage the chemestry in developing machines;;;;2021;;HANALOGITAL, germany;1;
1250;;HANALOGITAL Fluorite ISO 200;Pre-exposed/soaked Kodak 200 color film (could be other cheap film depending batch…). C-41 process, residue from the filmsoup on the film may damage the chemestry in developing machines;;;;2021;;HANALOGITAL, germany;1;
1250;;HANALOGITAL Fox ISO 200;Pre-exposed/soaked Kodak 200 color film (could be other cheap film depending batch…). C-41 process, residue from the filmsoup on the film may damage the chemestry in developing machines;;;;2021;;HANALOGITAL, germany;1;
1250;;HANALOGITAL Gradient ISO 200;Pre-exposed/soaked Kodak 200 color film (could be other cheap film depending batch…). C-41 process, residue from the filmsoup on the film may damage the chemestry in developing machines;;;;2021;;HANALOGITAL, germany;1;
1250;;HANALOGITAL Hohrizon ISO 200;Pre-exposed/soaked Kodak 200 color film (could be other cheap film depending batch…). C-41 process, residue from the filmsoup on the film may damage the chemestry in developing machines;;;;2021;;HANALOGITAL, germany;1;
1250;;HANALOGITAL Ladybug ISO 200;Pre-exposed/soaked Kodak 200 color film (could be other cheap film depending batch…). C-41 process, residue from the filmsoup on the film may damage the chemestry in developing machines;;;;2021;;HANALOGITAL, germany;1;
1250;;HANALOGITAL Opal ISO 200;Pre-exposed/soaked Kodak 200 color film (could be other cheap film depending batch…). C-41 process, residue from the filmsoup on the film may damage the chemestry in developing machines;;;;2021;;HANALOGITAL, germany;1;
1250;;HANALOGITAL Prism ISO 200;Pre-exposed/soaked Kodak 200 color film (could be other cheap film depending batch…). C-41 process, residue from the filmsoup on the film may damage the chemestry in developing machines;;;;2021;;HANALOGITAL, germany;1;
1250;;HANALOGITAL Spirals ISO 200;Pre-exposed/soaked Kodak 200 color film (could be other cheap film depending batch…). C-41 process, residue from the filmsoup on the film may damage the chemestry in developing machines;;;;2021;;HANALOGITAL, germany;1;
1250;;HANALOGITAL Streamers ISO 200;Pre-exposed/soaked Kodak 200 color film (could be other cheap film depending batch…). C-41 process, residue from the filmsoup on the film may damage the chemestry in developing machines;;;;2021;;HANALOGITAL, germany;1;
1250;;HANALOGITAL Stroboscope ISO 200;Pre-exposed/soaked Kodak 200 color film (could be other cheap film depending batch…). C-41 process, residue from the filmsoup on the film may damage the chemestry in developing machines;;;;2021;;HANALOGITAL, germany;1;
1250;;HANALOGITAL Sugulite ISO 200;Pre-exposed/soaked Kodak 200 color film (could be other cheap film depending batch…). C-41 process, residue from the filmsoup on the film may damage the chemestry in developing machines;;;;2021;;HANALOGITAL, germany;1;
1250;;HANALOGITAL Veins ISO 200;Pre-exposed/soaked Kodak 200 color film (could be other cheap film depending batch…). C-41 process, residue from the filmsoup on the film may damage the chemestry in developing machines;;;;2021;;HANALOGITAL, germany;1;
0756;007560;Happy Color negative film ISO 200;Agfa Color XRG;;4;;;;Happy-Foto;0;HappyColor200.jpg
1681;016814;Harman Phoenix ISO 200 #ilford;C-41;Harman Technology;;Made in Mobberley, England;Dec 2023;;Harman Technology;2;HarmanPhoenix200.jpg
1681;016814;Harman RED ISO 125 #ilford;Inverted Harman Phoenix for redscale effect ? C-41;Harman Technology;;Made in Mobberley, England;Feb. 2025;;Harman Technology;2;HarmanRed.jpg
1683;017765;Harman Phoenix II ISO 200 #ilford phoenix 2;Film edge DX number – 105-3;Harman Technology;;Made in Mobberley, England;Jul 2025;;Harman Technology;2;HarmanPhoenixII.jpg
1688;016884;Harman Switch Azure ISO 125 #ilford;Emulsion dye swap cyan/yellow (like Lomo Turquoise);Harman Technology;;Made in Mobberley, England;Mar 2026;;Harman Technology;2;HarmanSwitchAzure.jpg
0259;002594;Hema Diafilm SR100;KONICA Chrome R100;;3;Made in Japan;;;;0;HemaDia100.jpg
0453;004530;Hema Kleurenfilm Super SR100;Konica VX100 Super;;2;Made in Japan;;;;0;HemaSuperSR100.jpg
0454;004543;Hema Kleurenfilm Super SR200;Konica VX200 Super;;4;Made in Japan;;;;0;HemaSuperSR200.jpg
0625;706254;Hema Kleurenfilm Super SR200 FarbFilm;Fuji Superia 200 / C200;;3;Made in Japan;;;;0;HemaFarbSuperSR200.jpg
0626;706264;Hema Kleurenfilm Super SR400 FarbFilm;Fuji Superia 400;;2;Made in Japan;;;;0;
0628;706284;Hema Kleurenfilm Super SR400 FarbFilm;Fuji Superia 400;;2;Made in Japan;;;;0;
1729;017294;HEMA Zwart-Wit Film 125 #Black&white B&W;it's an Ilford emulsion, but not regular FP4+ : Ilford H125 ?;;2;;;;;0;HemaBnW125.jpg
1730;017304;HEMA Zwart-Wit Film 400 #Black&white B&W;Ilford ?;;;;;;;0;HemaZwart400.jpg
0453;004530;HomeLife 100 Speed;Konica VX100 Super;;3;;;;;0;
0454;004543;HomeLife 200 Speed;Konica VX200 Super;;4;;;;;0;Homelife200.jpg
0455;004550;HomeLife 400 Speed;Konica VX400 Super;;3;;;;;0;
0756;007563;HP Color Print Film 200 #Hewlett Packard;Agfa XRG 200 / Agfacolor;Agfa;3;Made in Germany;2003 ?;;Hewlett-Packard Co.;0;HPcolor200.jpg
1854;018543;ificolor 200 ;Agfa ?;;3;;;;;0;
1755;017550;Ilford 400 DELTA #delta400;;Ilford ltd;;Made in UK;1990;~2000;;0;Delta400.jpg
1731;017310;Ilford A 125;;Ilford ltd;;Made in UK;;;;0;
1732;017320;Ilford A 400;;Ilford ltd;;Made in UK;;;;0;
1754;017540;Ilford BLACK 400 #black400;;Ilford ltd;;Made in UK;;;;0;
0274;002741;Ilford Colors 100;Agfa XRG Emulsion;Agfa;2;;;;Ilford ltd;0;
1758;017580;Ilford DELTA 100 #delta100 D100;;Ilford ltd;;Made in UK;1992;1995;;0;Delta100.jpg
1759;017590;Ilford DELTA 100 Professional #delta100 D100;Improved Delta 100;Ilford ltd;;Made in UK;1995;2018;;0;Delta100pro.jpg
1759;017590;Ilford DELTA 100 Professional #delta100 D100;New B&W box;Harman Technologies;;Made in UK;2018;;;2;IlfordDelta100-2018.jpg
1738;017380;Ilford DELTA 3200 Professional (Press or ProPack) #delta3200 D3200;"Sold by big ""propack"", 50 films, no individual box";ILFORD Imaging UK Limited;;Made in UK;1998 ?;;;1;IlfordDelta3200Propak.jpg
1738;017380;Ilford DELTA 3200 Professional #delta3200 D3200;New B&W box;Harman Technologies;;Made in UK;2018;;;2;IlfordDelta3200-2018.jpg
1738;017380;Ilford DELTA 3200 Professional #delta3200 D3200;;ILFORD Imaging UK Limited;;Made in UK;1998;2018;;0;Delta3200pro.jpg
1752;017520;Ilford Delta 400 Pro #delta400 D400;New B&W box;Harman Technologies;;Made in UK;2018;;;2;IlfordDelta400-2018.jpg
1752;017520;Ilford Delta 400 Pro #delta400 D400;;Ilford ltd;;Made in UK;~2000;2018;;0;Delta400pro.jpg
1746;017462;Ilford FP4 / O PAN #FP-4;;Ilford ltd;;Made in UK;1968;~80's;;0;FP4.jpg
1750;017500;Ilford FP4 #FP-4;;Ilford ltd;;Made in UK;1968;1990;;0;FP4black.jpg
1746;;Ilford FP4 Negative Cine Film #FP-4;;Ilford ltd;;Made in UK;1968;80’s ?;;0;
1756;017560;Ilford FP4 PLUS (black box) #FP-4 FP4+;;Ilford ltd;;Made in UK;1990;~2004;;0;FP4PlusBlack.jpg
1756;017560;Ilford FP4 PLUS (Black&white box) #FP-4 FP4+;New B&W box;Harman Technologies;;Made in UK;2018;;;2;IlfordFP4plus2018.jpg
1756;017560;Ilford FP4 PLUS (Press or Propack) #FP-4 FP4+;"Sold by big ""propack"", 50 films, no individual box";Ilford ltd;;Made in UK;;;;1;IlfordFP4plusPress.jpg
1756;017560;Ilford FP4 PLUS (white box) FP4+;;Ilford ltd;;Made in UK;~2004;2018;;0;FP4PlusWhite.jpg
1756;017560;Ilford FP4 PLUS limited-edition retro packaging for 145th birthday #FP-4 FP4+;New B&W box;Harman Technologies;;Made in UK;2024;2025;;0;IlfordFP4-145birthday.jpg
1756;;Ilford FP4 PLUS motion picture version #FP-4 FP4+;;Ilford ltd;;Made in UK;~1990;;;0;
1756;;Ilford FP4 PLUS Surveillance version #FP-4 FP4+;;Ilford ltd;;Made in UK;90's ?;;;0;
1729;017290;Ilford H125;;Ilford ltd;;Made in UK;;2003;;0;
1730;017300;Ilford H400;;Ilford ltd;;Made in UK;;;;0;
1751;;Ilford HP5;;Ilford ltd;;Made in UK;1976;1982;;0;IlfordHP5.jpg
1751;017519;Ilford HP5 Autowinder 72 Exp.;HP5 on thin polyester so 72 exposure film length could be accomodated within a standard 36 exposure cassette.;Ilford ltd;;Made in UK;1981;1984;;0;IlfordHP5wind.jpg
1751;017510;Ilford HP5 Improved;Better gradation scale and finer-grained, sharper images;Ilford ltd;;Made in UK;1982;1990;;0;IlfordHP5.jpg
1753;017530;Ilford HP5 PLUS 400 HP5+ (black box);;Ilford ltd;;Made in UK;1989;~2004;;0;HP5plusfirst.jpg
1753;017530;Ilford HP5 PLUS 400 HP5+ (Black&white box);New B&W box;Harman Technologies;;Made in UK;2018;;;2;IlfordHP5plus2018.jpg
1753;017530;Ilford HP5 PLUS 400 HP5+ (Press or propack);"Sold by big ""propack"", 50 films, no individual box";Ilford ltd;;Made in UK;~1989 ?;;;1;HP5plusPress.jpg
1753;017530;Ilford HP5 PLUS 400 HP5+ (white box);;Ilford ltd;;Made in UK;~2004;2018;;0;Hp5plusactual.jpg
1753;017530;Ilford HP5 PLUS 400 limited-edition retro packaging for 145th birthday #HP5+;;Harman Technologies;;Made in UK;2024;2025;;0;IlfordHP5-145birthday.jpg
1753;;Ilford HP5 PLUS 400 motion picture version HP5+;;Ilford ltd;;Made in UK;;2003;;0;
0512;005128;Ilford Ilfocolor 100 plus;Solaris FG;Ferrania;3;;Mid-2000’s ?;2008;Ilford, GB (Only in Italy);0;IlfordIlfocolor100Plus.jpg
1361;013614;Ilford Ilfocolor 100 plus;Imation HP 100;3M / Ferrania;3;;90’s ?;Mid-2000’s ?;Ilford, GB (Only in Italy ?);0;Ilfocolor100plusFirst.jpg
1396;013963;Ilford Ilfocolor 400 plus;Solaris FG;Ferrania;3;;2001;2008;Ilford, GB (Only in Italy);0;
0273;002734;Ilford Ilfocolor Super HR100;Agfa Emulsion;Agfa;2;;1988 ?;90’s ?;Ilford Limited / CIBA;0;IlfocolorSuperHR100.jpg
1734;017340;Ilford OPTHALMIC;;Ilford ltd;;Made in UK;;;;0;
1758;017584;Ilford Ortho Plus Copy Film – ISO 80 (120 & 135) #Ortho+;Black and white, orthochromatic copy film in 135 & 120 format;Ilford ltd;;Made in UK;Oct 2019;;;2;IlfordOrthoPlus135.jpg
1746;017460;Ilford PAN 100 #Pan100;"""Based on FP4+ and HP5+ technology, but are produced to lower specifications and tolerances"" - David Carper, ILFORD Technical Service, dec 2002";Ilford - HARMAN technology Ltd;;Made in UK;~2002 ?;;;2;IlfordPan100.jpg
1747;017470;Ilford PAN 400 #pan400;"""Based on FP4+ and HP5+ technology, but are produced to lower specifications and tolerances"" - David Carper, ILFORD Technical Service, dec 2003";Ilford - HARMAN technology Ltd;;Made in UK;~2002 ?;;;2;IlfordPan400.jpg
1749;017490;Ilford PAN F (Black box, DX coded) #PanF Pan-F;;Ilford ltd;;Made in UK;~1983 ?;1992 ? Pan-F+ introduced;;0;ILfordPanFBlack.jpg
1745;017450;Ilford PAN F (Pl) (50 ASA) #Pan-F panf;;Ilford ltd;;Made in UK;;;;0;
1757;017570;Ilford PAN F PLUS (50 ASA) (Black Box) #Pan-F PANF;;Ilford ltd;;Made in UK;1993;~2003;;0;IlfordPanFplusBlack.jpg
1757;017570;Ilford PAN F PLUS (50 ASA) (White Box) #Pan-F PanF;;Ilford ltd / HARMAN technology Ltd;;Made in UK;~2003;2018;;0;PanF50Plus.jpg
1757;017570;Ilford PAN F PLUS (Black&White box) #Pan-F PANF;New B&W box;HARMAN technology Ltd;;Made in UK;2018;;;2;ILfordPanF2018.jpg
1735;017350;Ilford SFX200;Near infrared film. New B&W box, same film;HARMAN technology Ltd;;Made in UK;2018;;;2;IlfordSFX2018.jpg
1735;017350;Ilford SFX200;Near infrared film. Re-introduced;Ilford - HARMAN technology Ltd;;Made in UK;2007;2018;;0;IlfordSFX200Black.jpg
1840;018400;Ilford SFX200;Near infrared film. ;Ilford ltd;;Made in UK;~1995 ?;2005;;0;
1748;017480;Ilford SP815T;Infrared. SFX 200 for trafic surveillance;Ilford ltd;;Made in UK;;;;0;IlfordSP816T.jpg
1733;017330;Ilford SP816T POLY;Near infrared for trafic surveillance. Based on Ilford SFX200;Ilford ltd;;Made in UK;;;;0;
1737;017370;Ilford UNIVERSAL 100;;Ilford ltd;;Made in UK;;;;0;
1736;017360;Ilford UNIVERSAL 400;;Ilford ltd;;Made in UK;;;;0;
1761;017610;Ilford XP1 400 (P1) Chromogenic (iso 400);;Ilford ltd;;Made in UK;1980;Mid-80’s ?;;0;
1762;017620;Ilford XP1 400 Chromogenic (iso 400);Improved ?;Ilford ltd;;Made in UK;Mid-80’s ?;1991;;0;IlfordXP1.jpg
1763;017630;Ilford XP2 400 Chromogenic;;Ilford ltd;;Made in UK;1991;1996;;0;IlfordXP2.jpg
1763;017630;Ilford XP2 400 Chromogenic (improved);;Ilford ltd;;Made in UK;1996;~1998;;0;IlfordXP2.jpg
1764;017640;Ilford XP2 SUPER 400;New B&W box, same film;HARMAN technology Ltd;;Made in UK;2018;;;2;IlfordXP2super2018.jpg
1764;017640;Ilford XP2 SUPER 400;;ILFORD Imaging UK Limited;;Made in UK;1998 ?;2018;;0;IlfordXP2SuperLast.jpg
0385;003850;IMATION CHROME 100;;Imation S.P.A (3M);;;;;;0;ImationChrome100.jpg
0388;003880;IMATION CHROME 200;;Imation S.P.A (3M);;;;;;0;
0388;003880;IMATION CHROME 400;;Imation S.P.A (3M);;;;;;0;ImationChrome400.jpg
0390;003900;IMATION CHROME 640T;;Imation S.P.A (3M);;;~1981;;;0;ImationChrome640T.jpg
1031;010314;IMATION COLOR HP100;;Imation S.P.A (3M);;;1998;;;0;ImationHP100.jpg
1361;013610;IMATION COLOR HP100;;Imation S.P.A (3M);;;1998;;;0;ImationHP100.jpg
1032;010323;IMATION COLOR HP200;;Imation S.P.A (3M);;;1998;;;0;ImationHP200.jpg
1362;013620;IMATION COLOR HP200;;Imation S.P.A (3M);;;1998;;;0;ImationHP200.jpg
1364;013640;IMATION COLOR HP400;;Imation S.P.A (3M);;;~1997 ?;;;0;
0145;001450;Infa Infacolor 樱花 (Sakura) SR100 ISO 100;Chinese film ? Or Konica film for China ?;;;Made in China ?;;;;0;InfacolorSR100.jpg
0454;004544;Intercolor Platin 200;Konica Color VX 200 Super;Konica;4;Made in Japan;1996;2002;Interdiscount, CH;0;InterColorPalatin.jpg
5242;052424;Iris Color ISO 200 MilleniuM;;;;;;;Lobo Corp.;0;
1841;018410;Isokta Color FCX 100 Papier Couleur #FCX100 100FCX isoktacolor;Perutz SC 100-2 / Agfa Vista. Process AP70/C41;Agfa;2;Made in Germany;~1997 ?;;ORACE, France;0;IsoktaFCX100.jpg
1851;018510;Isokta Color FCX 200 Papier Couleur #FCX200 200FCX isoktacolor;Perutz SC 200-2 / Agfa Vista. Process AP70/C41;Agfa;2;Made in Germany;~1997 ?;;ORACE, France;0;IsoktaFCX200.jpg
1849;018493;Isokta Color FCX 400 Papier Couleur #FCX400 400FCX isoktacolor;Perutz SC 400-2 / Agfa Vista. Process AP70/C41;Agfa;4;Made in Germany;~1997 ?;;ORACE, France;0;IsoktaFCX400.jpg
1399;;Italian Film Inside – blue paper ISO 400;Solaris Color FG Plus 400. Disposable camera ?;;4;;;;;0;
6840;868400;JCH FuguFilm 400 Positive color film #JCKH Japan Camera Hunter;“The film has been conceived and made completely from scratch”;Innoviscoat ??;;Made in UE ?;2022;;Japan Camera Hunter;1;Fugufilm400.jpg
6840;868400;JCH StreetPan 400 (black & red box) #JCKH Japan Camera Hunter;Discontinued Agfa Surveillance film. Could be Aviphot Pan 400s. New box design, same film.;Agfa;3;Made in Belgium;2021;;Japan Camera Hunter;2;JCHstreet2021.jpg
6840;868400;JCH StreetPan 400 #JCKH Japan Camera Hunter;Discontinued Agfa Surveillance film. Could be Aviphot Pan 400s ;Agfa;3;Made in Belgium;2016 (35mm), 2017 (120);2021;Japan Camera Hunter;0;JCH400.jpg
1558;915584;Jessops diamond 2 Everyday ISO 400 #Diamond2;KODAK Color Negative 400;;3;;2007 ?;;Jessops, GB;0;JessopsDiamond2-400.jpg
0756;007564;Jessops diamond Everyday ISO 200;AgfaColor 200;;3;;2003;;Jessops, GB;0;JessopsDiamond200.jpg
0755;007550;Jessops diamond Fine ISO 100;Agfacolor 100-N;;3;;2003;;Jessops, GB;0;
1852;018524;Jessops SHR100;PERUTZ SC 100 / Agfa;Agfa;3;Made in Germany;2004 ?;End of 2000’s ?;Jessops, GB;0;JessopsSHR100.jpg
1852;018524;Jessops SHR100 Improved Emulsion;Agfa ? Uncertain DX…;Agfa;1;Made in Germany ?;End of 2000’s ?;;Jessops, GB;0;JessopSHR100improved.jpg
1844;018444;Jessops SHR200;PERUTZ SC 200 / SC 200-3;Agfa;2;Made in Germany;2004 ?;;Jessops, GB;0;JessopSHR200.jpg
1848;018480;Jessops SHR400;PERUTZ SC 400 ? Uncertain DX...;Unknown;1;;2004 ?;;Jessops, GB;0;JessopSHR400.jpg
0272;002724;KALT ISO 100 White cartridge;Reloadable Metal Film Cassette for Bulk Loading;;;;;;;0;KaltWhite.jpg
0272;002724;KALT ISO 400 White cartridge;Reloadable Metal Film Cassette for Bulk Loading;;;;;;;0;KaltWhite400.jpg
1808;018084;KALT ISO 400 Yellow cartridge;Reloadable Metal Film Cassette for Bulk Loading;;;;;;;0;KaltYellow.jpg
1770;017701;Kentmere 100 ;"Close to Ilford Pan 100, but stated as ""absolutely brand new […] emulsion""";Harman Technology (Ilford);1;Made in England;~2009;2018;;0;Kentmere100.jpg
1770;017703;Kentmere 400;"Close to Ilford Pan 100, but stated as ""absolutely brand new […] emulsion""";Harman Technology (Ilford);1;Made in England;~2009;2018;;0;Kentmere400.jpg
1770;017701;Kentmere Pan 100 ;"New packaging, same film. Close to Ilford Pan 100, but stated as ""absolutely brand new […] emulsion""";Harman Technology (Ilford);1;Made in England;2018;;;2;KentmerePan100.jpg
1770;017703;Kentmere Pan 400;"New packaging, same film. Close to Ilford Pan 100, but stated as ""absolutely brand new […] emulsion""";Harman Technology (Ilford);1;Made in England;2018;;;2;KentmerePan400.jpg
1770;017703;Kentmere Pan 400 Candy pack;Kentmere 400 for Harman Reusable Camera kit.;Harman Technology (Ilford);;Made in England;2019;;;2;Kentmere400candy.jpg
1851;018513;Kirkland 200 Color Print Film;Made in Germany by Agfa;Agfa;4;Made in Germany;;;CWC, Seattle, USA;0;
1851;018513;Kirkland Signature 200 DX coding, AP70/C-41;Agfa Perutz SC-200;Agfa;3;Made in Germany;;;CWC, Seattle, USA;0;KirklandSign200.jpg
1849;018493;Kirkland Signature 400 Color Print Film;;Agfa / Perutz ?;;Made in Germany;;;CWC, Seattle, USA;0;
3784;;Klick Extra Definition Multi purpose film XD 200 #XD200;Fuji;Fujifilm;3;Made in Japan;;;Klick Photopoint, UK;0;KlickXD200.jpg
0129;001293;Klick Max 200;Fuji C200 ?;;1;;;;Klick PhotoPoint / Max Spielmann Store;0;KlickMax200.jpg
0130;301304;Klick Max 200;Fujicolor 200;;2;;;;Klick PhotoPoint / Max Spielmann Store;0;KlickMax200.jpg
0129;001293;Klick Max 400;Fuji C400 ?;;1;;;;Klick PhotoPoint / Max Spielmann Store;0;
0419;004194;Klick Photopoint 200 ;Konica Centuria Super 200;;3;;;;Klick Photopoint, UK;0;Klick200.jpg
0426;004264;Klick Photopoint 400 ;Konica Centuria Super 400;;3;;;;Klick Photopoint, UK;0;Klick400.jpg
1564;015640;Kodak (Gold?) 200-8;;;;;;;;1;
1270;912704;Kodak 100 (Gen 7?);;Kodak;;;;;;0;
1250;512503;Kodak 200 (Gen 7?);Similar to Gold 200 Gen 6 ?;Kodak;;;;;;0;Kodak200.jpg
1271;912713;Kodak 200 (Gen 7?);Similar to Colorplus ?;Kodak;;;~2006;;;0;
1537;915374;Kodak 400 35mm color print film GC400;Ultra Max 400 for disposable camera ? DX coded;Kodak;3;;;;;0;Kodak400UltramaxDispo.jpg
1527;015270;Kodak 400 Color Negative Film;;Kodak;;;;;;0;
1537;015377;"Kodak 400 GC White can ""for use in Kodak single use cameras""";Kodak Max or similar… disposable camera;Kodak;;;;;;0;
1315;013157;Kodak 400 white can;"""For use in Kodak single use cameras"". Gold II 400 / Max 400 (Gold gen 3)";Kodak;3;;;;;0;
0696;006960;Kodak 800 Color Negative Film;;Kodak;;;;;;0;
0690;006907;Kodak 800 GT For Use in Kodak Single Use Camera (Yellow);Kodak MAX Zoom 800 for disposable camera;Kodak;3;;;;;0;
0693;006937;Kodak 800-4 GT For Use in Kodak Single Use Camera (White);Kodak Max 800 for disposable camera. ;Kodak;3;;;;;2;Kodak800Dispo.jpg
1077;010774;Kodak Academy 200 B&W;For specific market such as India or Russia. ;Kodak;;Made in England ?;~1993;~2004 ?;;0;KodakAcademy200OLD.jpg
1080;110809;Kodak Academy Professional 200 B&W;For specific market such as India or Russia. Could be T-max…;Kodak;;;~2004 ?;;;1;KodakAcademy200.jpg
1291;012910;Kodak AUTOCOLOR 100 AC – Code 5095;Similar to Gold Plus ?;;;;;;;0;
1323;013230;Kodak AUTOCOLOR 100 AC – Code 5218;Similar to Gold Plus ?;;;;;;;0;
1261;212613;Kodak Black and White 400 BWC C-41;;Kodak;;;1999;;;0;KodakBWC.jpg
1261;312613;Kodak Black and White 400 BWC C-41 (With C-41 warning, first version?);;Kodak;;;1999;;;0;KodakBWC.jpg
1556;015560;Kodak Black&White C41 400 Film;"Chromogenic film. New name of Black&White ""Plus""";Kodak;;;2002;;;0;Kodakblacknwhite400.jpg
1261;112617;Kodak Black&White C41 400 ISO Film Select Series – Japan version #+400 Black-and-White+ plus;"Chromogenic film, orange mask. Became Black&White (whitout ""plus"")";Kodak;;Made in USA ?;1998;2002 ?;;0;KodakBandWplus.jpg
1261;012610;Kodak Black&White C41 400 ISO Film Select Series #+400 Black-and-White+ plus;"Chromogenic film, orange mask. Became Black&White (whitout ""plus"")";Kodak;;Made in USA;1998;2002 ?;;0;KodakBandWplus.jpg
1270;512703;Kodak CE Color film ISO 100;;Eastman Kodak Company, USA;;;Late 60's;;Kodak (Australasia) Pty Ltd;0;KodakCE.jpg
1335;013350;Kodak CE Color film ISO 100 (US?) - Code 5218;;Kodak;;;;;;0;
1553;015530;Kodak Color Negative 100 Film;;Kodak;;;;;;0;
1559;015590;Kodak Color Negative 100 Film;;Kodak;;;;;;0;
1554;015540;Kodak Color Negative 200 Film;;Kodak;;;;;;0;
1560;015600;Kodak Color Negative 200 Film;;Kodak;;;;;;0;
1555;015550;Kodak Color Negative 400 Film;;Kodak;;;;;;0;
1558;015580;Kodak Color Negative 400 Film;;Kodak;;;;;;0;
1561;015610;Kodak Color Negative 400 Film 400-3;Cheap film used for rebranding;Kodak;;;2011 ?;;;2;
1557;015570;Kodak Color Negative 800 Film;;Kodak;;;;;;0;
1562;015620;Kodak Color Negative 800 Film;;Kodak;;;2011 ?;;;0;
1270;712704;Kodak Color Plus 200 Colorplus;Russian edition ?;Kodak;;;;;;1;ColorPlusRu.jpg
1271;512713;Kodak Color Plus 200 Colorplus (Actual);Similar to ProFoto (or VR200?);Kodak Industrie;;No country of origin indicated on the box…;;;Kodak;2;ColorPlus.jpg
1271;912714;Kodak Color Plus 200 Colorplus (Actual);Similar to ProFoto (or VR200?);Kodak Industrie;;No country of origin indicated on the box…;;;Kodak;2;ColorPlus.jpg
1271;912714;Kodak Color Plus 200 Colorplus (Candy pack);Kodacolor VR 200 derivative ?;Kodak Industrie;;No country of origin indicated on the box…;;;Kodak;2;KodakColorPlusCandy.jpg
1271;912714;Kodak Color Plus 200 Colorplus (First edition, French version);;Kodak Industrie;;Made in France (Chalon sur saône);;;Kodak;0;KodakColorPlusFR.jpg
1550;015504;Kodak Color Plus 200 Colorplus (First edition);Kodacolor VR 200 ? Only sold in emerging market but imported worldwide.;Eastmann Kodak;2;Made in USA and finished in Mexico;;;Kodak;0;ColorPlus1er.jpg
1274;012740;Kodak Colour Negative 100 Film;;Kodak;;;;;;0;
1266;012660;Kodak Commercial 200;"""medium-speed, blue-sensitive film with moderately high contrast"". Similar to Kodacolor VR200 ?";Kodak;;;;~2002;;0;
1076;010764;Kodak Cosmos 400;"T-max familly for astronomy ? ""School activity film""";Kodak;;;1994;2001;;0;KodakCosmos400.jpg
0326;003264;Kodak EKTACHROME 100 EN (Daylight) – Code 5039 #EN100;;;;;;end of 80’s ?;;0;
0847;008470;Kodak EKTACHROME 100 Film;;;;;;;;0;
0329;003294;Kodak EKTACHROME 100 HC - Code : 5009 / 6009 - EC;;;;;;;;0;
0840;008404;Kodak EKTACHROME 100 Plus – Code 5000 EPW;;;;;;;;0;
0840;;Kodak EKTACHROME 100 Plus EPP Press Pack;50 rolls press pack, can be stored at room temperature;;;;;;;0;
0840;;Kodak EKTACHROME 100 Plus EPP Professional - Code : 5005 / 6005 – EPP;;;;;1988;2009;;0;KodakEkta100PlusEPP.jpg
0840;;Kodak EKTACHROME 100 PLUS Professional - Code : 6105 - EPP;;;;;1988 ?;2009 ?;;0;KodakEkta100PlusEPP.jpg
0839;008393;Kodak EKTACHROME 100 PLUS Professional, EPPE-6 - Code : 5005;;;;;1988 ?;2009 ?;;0;
0838;008384;Kodak EKTACHROME 100 Professional - Code : 5012 / 6012 - EPN;;;;;1984;2007;;0;KodakEkta100EPN.jpg
0847;;Kodak EKTACHROME 100 professional - Code : 5058 / 7058 EPN404;135-36;;;;~ 1996;2010;;0;
0847;;Kodak EKTACHROME 100 Professional - Code : 6122 - EPN;;;;;1984;2007;;0;
0860;008600;Kodak EKTACHROME 100 Professional Film (Daylight);;;;;;;;0;
0839;008394;Kodak EKTACHROME 100 Professional Film (Daylight) – Code 5005 EPP;;;;;;;;0;
0329;003294;Kodak EKTACHROME 100HC – Code EC100;;;;Made in USA or England;1988;~2003 ?;;0;KodakEkta100HC.jpg
0329;003294;Kodak EKTACHROME 100HC – Code EPC100;;;;Made in USA or England;1988;~2003 ?;;0;KodakEkta100HC.jpg
0334;003340;Kodak EKTACHROME 100X Professional - Code : 5024 / 6024 / 7024 - EPZ;;;;;1991;~1998 ?;;0;KodakEkta100x.jpg
0325;003250;Kodak EKTACHROME 160T Film (Tungsten) Code : 5077 – ET #160ET ET160;;;;;1976;90’s ?;;0;KodakEkta160Tungsten.jpg
0836;008364;Kodak EKTACHROME 160T Professional Film - Code : 5037 / 6037 – EPT #EPT160;;;;;90’s ?;~2006;;0;KodakEkta160EPT.jpg
0836;008360;Kodak EKTACHROME 160T Professional Film (Tungsten) Code : 5077 – ET #160ET ET160;E-6 process;;;UK ?;90’s ?;~2000’s ?;;0;Ekta160T-ET-UK.jpg
0836;;Kodak EKTACHROME 160T Professional, EPT120, Tungsten, sheets - Code : 6037;;;;;~1978 ?;~2006;;0;
0836;;Kodak EKTACHROME 160T Professional, EPT404, Tungsten, PRFD-2 KS U - Code : 5037;Bulk 35mm x 100 ft;;;;~ 1996 ??;;;0;
0324;003244;Kodak EKTACHROME 200 (Daylight) - Code : 5076 - ED;E-6 process;;;;;90’s ?;;0;KodakEkta200ED.jpg
0835;008354;Kodak EKTACHROME 200 (Daylight) - Code : 5076 - ED;;;;;;90’s ?;;0;KodakEkta200ED.jpg
0335;003350;Kodak EKTACHROME 200 Film;Remplacement for High Speed Ektachrome;;;;1978;;;0;
0835;008354;Kodak EKTACHROME 200 Professional - Code : 6176 - EPD;;;;;1980;End of 80's ?;;0;KodakEkta200EPD.jpg
0835;;Kodak EKTACHROME 200 Professional Film (bulk), Daylight, SP952 - Code : 6176;Bulk 9.5inch x 125 feet;;;;;~1996;;0;
0835;;Kodak EKTACHROME 200 Professional, EPD120, Daylight, sheets ;;;;;~ 1996;;;0;
0835;008354;Kodak EKTACHROME 200 Professional, EPDE-6 - Code : 5036 / 6036 - EPD;E-6 process;;;;1976;~2009 ?;;0;KodakEkta200EPD.jpg
0843;008430;Kodak EKTACHROME 320 Professional Film – Code 5042;;;;;;;;0;
0843;008434;Kodak EKTACHROME 320T Professional - Code : 5042 - EPJ;;;;Made in USA;~1993;;;0;KodakEkta320T.jpg
0843;108434;Kodak EKTACHROME 320T Professional - Code : 5042 - EPJ;;;;Made in USA;~1993;;;0;KodakEkta320T.jpg
0333;003330;Kodak EKTACHROME 400  – Code 5074;;;;;;Early 90’s ?;;0;
0323;003234;Kodak EKTACHROME 400 (Daylight) - Code : 6074 / 5074 - EL;120 & 135, E6 Process;;;Made in USA & UK ;1978;Early 90’s;;0;KodakEkta400nonPro.jpg
0842;008420;Kodak EKTACHROME 400 Professional Film – Code 5075;;;;;80's;;;0;KodakEktachrome400.jpg
0834;008344;Kodak EKTACHROME 50 Professional Film (Tungsten) EPY – Code 5018;E-6 process.;;;;1976;1987 ?;;0;KodakEkta50EPY.jpg
0330;003304;Kodak EKTACHROME 50HC - Code : 5015 – EM50;;;;;1990;;;0;KodaEkta50HC.jpg
0321;003214;Kodak EKTACHROME 64 (Daylight) - Code : 5031 / 6031 - ER;Process E-6, replace Ektachrome-X 5027;;;;~1974 ?;Early 90’s ?;;0;KodakEkta64ER.jpg
0328;003284;Kodak EKTACHROME 64 (Daylight) - Warmer color balanced - Code : 5027 - EPV;;Kodak;;;;90’s ?;;0;
0833;;Kodak EKTACHROME 64 Professional - Code : 6017 - EPR;120 format;;;;1975;;;0;KodakEkta64EPR.jpg
0833;;Kodak EKTACHROME 64 Professional (daylight), EPR404 (PRFD2 KS U) ;Bulk 35mm x 100ft;;;;1975;;;0;
0833;008330;Kodak EKTACHROME 64 Professional 5017 - Daylight EPR135-36;E-6 process;;;;1975;2009 ?;;0;Ektachrome64EPR.jpg
0841;008410;Kodak EKTACHROME 64 Professional Film (Tungsten) EPY64T – Code 5018;;;;;1987;2009;;0;KodakEktaEPY64T.jpg
0833;;Kodak EKTACHROME 64 Professional, Daylight - Code : EPR653 5017;Bulk 35mm x 100ft, E-6 process ;;;;1975;;;0;KodakEkta5017.jpg
0833;;Kodak EKTACHROME 64 Professional, Daylight, sheets - Code : 6117 - EPR;E-6 process;;;;1975;;;0;
0841;;Kodak EKTACHROME 64T Electronic Output - Code : 6118 ;For LVT film recorder;;;;1977 ?;1988 ??;;0;
0841;;Kodak EKTACHROME 64T Professional (Tungsten) - Code : 6118 - EPY;;;;;1976;1988;;0;KodakEkta64T.jpg
0841;;Kodak EKTACHROME 64T professional, EPY120, tungsten - Code : 6018;;;;;;;;0;KodakEkta64Told.jpg
0332;003320;Kodak EKTACHROME 64X Professional - Code : 5025 / 6025 - EPX;Uncertain DX number…;;;;1991;;;0;KodakEkta64x.jpg
0331;003314;Kodak EKTACHROME Duplicating Type K - Code : 8071 KC;For Kodachrome duplicating. Process E-6;;;;;End of 90’s ??;;0;KodakEktaSlideDup8071.jpg
0371;003710;Kodak EKTACHROME Dyna EX200 ED;Low cost film, only for Japan market. Uncertain DX number...;;;;Early 90's ?;;;0;KodakDynaEX200.jpg
0372;003720;Kodak EKTACHROME Dyna EX50;Low cost film, only for Japan market. Uncertain DX number…;;;;Early 90's ?;;;0;
0382;003824;Kodak EKTACHROME E100G;"Replaced by ""Pro"" version ?";;;Made in USA;~1995;2003;;0;
0382;;Kodak EKTACHROME E100GP;Only Japan market. 120 only ?;;;Made in USA ?;2003;2005 ??;;0;KodakE100GP.jpg
0374;103744;Kodak EKTACHROME E100S - Code : 5069 ;Replaced by E100G and E100GX;;;;1996;2003;;0;KodakEktaE100S.jpg
0380;103804;Kodak EKTACHROME E100VS – Code : 5085;Replaced by E100VS Pro;;;Made in USA;~1995;~2009 ?;;0;
0370;003703;Kodak EKTACHROME Elite 100 slide film (daylight) - Code : 5045 EB;;;;Made in USA;1993;~2000 ?;;0;KOdakEktachromeElite100EB.jpg
0371;003714;Kodak EKTACHROME Elite 200 slide film - Code : 5056 - ED;Same technology as Ektachrome 400X;;;;1993;~2000 ?;;0;KodakEktaElite200.jpg
0333;003330;Kodak EKTACHROME Elite 400 Slide Film (Daylight) - Code : 5074 – EL;Close or same emulsion than Ektachrome 400HC;;;;1993;~2000 ?;;0;KodakEktaElite400.jpg
0372;003720;Kodak EKTACHROME Elite 50 - Code : 5065 - EA;;Eastman Kodak Company;;Made in USA;1994;~2000 ?;;0;KodaEktaElite50.jpg
0376;003764;Kodak EKTACHROME Elite II 50 EA #EliteII elite2;;;;;1996;1998;;0;
0376;;Kodak EKTACHROME Elite II 50 EM #EliteII elite2;;;;;1996;1998;;0;
0098;000980;Kodak EKTACHROME Infrared - Code : 2236 - IE;Ancestor of EIR. E-4 process.;;;;En of 70’s ?;~80’s ?;;0;Kodak2236.jpg
0844;008440;Kodak EKTACHROME LUMIERE 100 Professional - Code : 5046 - LPP;Neutral color. T Grain;;;;1993;~1995 ?;;0;KodakEktaLumiere100.jpg
0844;;Kodak EKTACHROME LUMIERE 100 Professional - Code : 6146 - LPP;Neutral color. T Grain;;;;1993;~1995 ?;;0;KodakEktaLumiere100.jpg
0845;008450;Kodak EKTACHROME LUMIERE 100X Professional - Code : 5048 / 6048 - LPZ;Warm color. T Grain;;;;1993;~1995 ?;;0;KodakEktaLumiere100x.jpg
0845;;Kodak EKTACHROME LUMIERE 100X Professional - Code : 6148 - LPZ;Warm color. T Grain;;;;1993;~1995 ?;;0;KodakEktaLumiere100x.jpg
0845;;Kodak EKTACHROME Lumiere 100X Professional, LPP120 - Code : 6046;;;;;;~1996;;0;
0846;008460;Kodak EKTACHROME LUMIERE 50 Professional - Code : 5066 / 6066 - LPR;Neutral color. T Grain;;;;1993;~1995 ?;;0;KodakEktaLumiere50.jpg
0846;;Kodak EKTACHROME LUMIERE 50 Professional - Code : 6166 - LPX;Neutral color. T Grain;;;;1993;~1995 ?;;0;KodakEktaLumiere50.jpg
0849;008490;Kodak EKTACHROME LUMIERE 50X Professional - Code : 5067 / 6067 - LPX;Warm color. T Grain;;;;1993;~1995 ?;;0;KodakEktaLumiere50X.jpg
0849;;Kodak EKTACHROME LUMIERE 50X Professional - Code : 6167 - LPX;Warm color. T Grain;;;;1993;~1995 ?;;0;KodakEktaLumiere50X.jpg
0858;008580;Kodak EKTACHROME P1600 Professional - Code : 5040 - EPH;"T-grain technology, ISO 400 designed to be pushed to 1600. Replaced by ""panther"" line?";;;;1992;Mid-90’s ?;;0;KodakEkta1600P.jpg
0837;008374;Kodak EKTACHROME P800/1600 Professional (yellow/Blue box) - Code : 5020 – EES;Need refrigerated storage ! Replaced by Ektachrome P1600;Kodak Limited;;Made in UK and USA;End of 80’s ?;~1993;;0;EktachromeP800-1600UK.jpg
0837;008374;Kodak EKTACHROME P800/1600 Professional (yellow/Gray box) - Code : 5020 – EES;Need refrigerated storage !;Kodak Limited;;Made in USA;1984;End of 80’s ?;;0;EktaP800-1600-first.jpg
0854;008540;Kodak EKTACHROME Panther 100 PRP – Code 1046;New emulsion to conteract Fuji. Neutral;;;;~1993 ?;~1996;;0;EktachromePanther100.jpg
0855;008550;Kodak EKTACHROME Panther 100X PRZ – Code 1048;Warm;;;;~1993 ?;~1996;;0;EktachromePanther100x.jpg
0859;008590;Kodak EKTACHROME Panther 200X PRD – Code 1056;Evolution of Ektachrome 200;;;;~1993 ?;~1996;;0;
0852;008520;Kodak EKTACHROME Panther 50 PRS – Code 1066;Neutral;;;;~1993 ?;~1996;;0;EktachromePanther50propack.jpg
0857;008570;Kodak EKTACHROME Panther 50X PRX – Code 1067;Warm;;;;~1993 ?;~1996;;0;
0380;003800;Kodak EKTACHROME Professional E100VS Film;;Eastman Kodak;;;~1999;2012;;0;KodakEktaE100VS.jpg
0099;000990;Kodak EKTACHROME Professional Infrared EIR Film (Kodak 2236?) TI-2323;Kodak Aerochrome III 1443 ?;Eastman Kodak;;Made in USA;1997;2012;;0;KodakEIR.jpg
0833;;Kodak EKTACHROME QX868 naturalcolor positive ASA 64 - thin b.;5017 emulsion;;;;;;;0;
0850;008500;Kodak EKTACHROME Select 100 Film – Code 8046;;;;;~1993 ??;;;0;KodakEktaSelect100.jpg
0851;008510;Kodak EKTACHROME Select 100x Film – Code 8048;;;;;~1993 ??;;;0;
0852;008520;Kodak EKTACHROME Select 50 Film – Code 8066;;;;;~1993 ??;;;0;
0853;008530;Kodak EKTACHROME Select 50x Film – Code 8067;;;;;~1993 ??;;;0;
0322;003224;Kodak EKTACHROME Slide Duplicating Film - Code : 5071 ESD;Low contrast film for slide duplication. E-6 process, ~4 ASA;;;;1976;90’s ?;;0;KodakEkta5071.jpg
0369;003690;Kodak EKTACHROME Underwater - Code : 5019 - UW;Ektachrome with super-sensitive red layer to compensate for the light absorbtion of water;;;Made in USA;1993;1995;;0;KodakEktaUnderwater.jpg
1321;013210;Kodak EKTACOLOR BP 160 - Code : 7124 #BP160;;;;;50’s ???;;;0;
8412;084126;Kodak Ektacolor gold 160;;;;;;;;0;
1799;017990;Kodak EKTACOLOR Gold 160 Professional;;;;;End of 80’s ?;;;0;
1796;017960;Kodak EKTACOLOR Gold 160 Professional - Code : 5124 GPF;;;;;1987;1993;;0;KodakEktaGold160.jpg
1798;017980;Kodak EKTACOLOR Gold 400 Professional – Code : 5084 (5097 Europe) EGP;;;;;;Mid 90’s ??;;0;
1798;017980;Kodak EKTACOLOR Gold 400 Professional – Code : 5087;;;;;;Early 90’s ??;;0;
1800;018000;Kodak EKTACOLOR Gold 400 Professional – Code : 5087;;;;;;;;0;
1796;017960;Kodak EKTACOLOR Gold II 160 Professional - Code : 5124 GPF;;;;;1993;1994 ?;;0;KodakEktaGoldII160.jpg
1334;013340;Kodak Ektacolor gold II 400 EGP-4;;;;;;;;0;KodakEktaGoldII400.jpg
1322;013220;Kodak EKTACOLOR Gold II 400-4 Professional – EGP;;;;;1993;1994 ?;;0;
1804;018044;Kodak Ektacolor Pro Gold 160GPX;Kodak Professional Portra 100T ?;;;;90's ?;1999 ?;;0;KodakEktaProGold160GPX.jpg
1334;113344;Kodak Ektacolor Pro Gold 400GPY;;;;;;2000's ?;;0;
7411;874116;Kodak Ektacolor Pro Gold 400MC GPM;uncertain DX number…;;;;;1999 ?;;0;
1121;;Kodak EKTAGRAPHIC - Code : 6522 - HCS;For B&W titles.;;;;;;;0;
1121;011214;Kodak EKTAGRAPHIC 4C Slide Film - Code : 6552 HCS;For B&W titles. 135-36 cartridge. Same emulsion and base as KODAK PROFESSIONAL KODALITH Ortho Film 6556, Type 3 ;;;;1984;~2000 ???;;0;KodakEktagraphicHCslide.jpg
1300;013004;Kodak Ektapress GOLD 100 Professional F - Code : 5115 - PPA;;;;;1989;;;0;
1302;013024;Kodak EKTAPRESS GOLD 1600 Professional (Gen 1) - Code : 5030 PPC 1600-1;;;;Made in USA;1988;~1993;;0;
1289;012890;Kodak EKTAPRESS GOLD 1600 Professional (Gen 2?) - Code : 8091 PBC 1600-2; ;;;Made in USA;1988;~1993;;0;
1301;013014;Kodak Ektapress GOLD 400 Professional F - Code : 5113 – PPB-1 (Gen 1?);;;;;;End of 80’s ?;;0;
1306;013064;Kodak Ektapress GOLD 400 Professional F PPB-2 (Gen 2) – Code 5113;;;;Made in USA;80’s ??;;;0;KodakEktapressGoldPPB.jpg
1306;013060;Kodak Ektapress GOLD 400 Professional PPB-3 (Gen 3?);;;;Made in USA;1988;;;0;KodakEktapressGoldPPB.jpg
1309;013090;Kodak Ektapress GOLD 400 Professional PPB-3 (Gen 3?) - Code 5113;;;;Made in USA;1988;;;0;KodakEktapressGoldPPB.jpg
1336;013360;Kodak Ektapress Gold II 100 Professional;;;;;;;;0;
1256;;Kodak Ektapress GOLD II 1600 PJC ;;;;;;;;0;
1330;013300;Kodak Ektapress Gold II 1600 Professional;;;;;;;;0;
1334;313344;Kodak Ektapress Gold II 400 Professional – PJB G5;;;;;;;;0;
1331;013314;Kodak Ektapress Multispeed Gold II ISO 100-1000 (640) – Code PJM MULTI / Multspd;;;;;~1997;2003 (or 98??);;0;KodakEktapressMultispeed.jpg
1256;112564;Kodak Ektapress Multispeed Gold II ISO 100-1000 (640) – Code PJM-2 MULTI / Multspd #pjm2;;;;;~1997;2003 (or 98??);;0;KodakEktapressMultispeed.jpg
1336;013360;Kodak Ektapress Plus 100 Professional - Code : PJA-1;;;;;;~1996;;0;
1330;013300;Kodak Ektapress Plus 1600 Professional - Code : PJC-1;;;;;;~1996;;0;
1338;013380;Kodak Ektapress Plus 200 Professional;;;;;;~1996;;0;
1334;;Kodak Ektapress Plus 400 Professional, 5113 - Code : PJB135;Bulk;;;;;~1996;;0;
1334;013340;Kodak Ektapress Plus 400 Professional, PJB135-36 - Code : 5113 – PJB-2;;;;;;~1996;;0;
1531;115314;Kodak EKTAR 100 - Code : 5301 / 3101 – CX;;;;;1991 ?;~1997;;0;
1305;013050;Kodak EKTAR 100 Gen 1 100-1 – Code CX 3101;Remplace Ektar 125. Improved under exposure latitude;;;Made in USA;;End of 80’s ?;;0;KodakEktar100old.jpg
1307;013070;Kodak EKTAR 100 Gen 2 100-2 – Code 5101;;;;Made in USA;mid 90’s ?;End of 90’s ?;;0;Ektar100Mid90.jpg
1336;013360;Kodak EKTAR 100 Gen 3 – CX / SY 100-3;;;;Made in USA;End of 90’s ?;~1997 ?;;0;Ektar100End90.jpg
1531;115314;Kodak Ektar 100 Professional (last version ?) SX;Same film, reuse of original Ektar 100 DX code ?;;;Made in USA;~2014 ?;;;2;Ektar100-2008.jpg
1532;015320;Kodak Ektar 100 Professional (new version) SX;Reintroduction of Ektar 100. 2-electron sensitization technology from Kodak Vision films;;;Made in USA;2008;~2014 ?;;0;Ektar100-2008.jpg
1299;012993;Kodak Ektar 1000 Gen 1 - Code : 5110 – CJ 1000-1;;;;Made in USA;1988;mid 90’s ?;;0;KodakEktar100first.jpg
1330;013300;Kodak Ektar 1000 Gen 2 – CJ 1000-2;;;;;Early 90’s ?;1994 (135), 1997 (120);;0;Ektar1000.jpg
1298;012983;Kodak Ektar 125 – Code 5101 CW;;;;;1989;1991;;0;KodakEktar125.jpg
1339;013390;Kodak EKTAR 200 – SW200;;;;;Early 90’s ?;End of 90’s ?;;0;
1297;112974;Kodak Ektar 25 - Code : 5100 – CK;Replaced by Royal Gold 25 ?;;;;1989;~1997;;0;KodakEktar25.jpg
1297;012973;Kodak Ektar 25 - Code : CH;;;;;1989;~1997 ?;;0;KodakEktar25.jpg
1302;013020;Kodak Ektar 25 Professional - Code : 5327 - PHR;135;;;;1989 ?;~1997 ?;;0;
1304;013044;Kodak Ektar 25 Professional - Code : 5327 - PHR;135;;;;1989 ?;~1997 ?;;0;
1304;;Kodak Ektar 25 professional film PHR120 (120 roll) - Code : 6327;120;;;;1989 ?;~1996;;0;KodakEktar25Pro120.jpg
1338;013380;Kodak EKTAR 400 – SU400;;;;;Early 90’s ?;End of 90’s ?;;0;KodakEktar400.jpg
0382;903823;Kodak Elite Chrome 100 E-6 slide film EB - Code : 5089 #elitechrome;;;;;1989;2012;;0;KodakEliteChrome100EB.jpg
0370;003703;Kodak Elite Chrome 100 E-6 slide film EB – Code 5074 #elitechrome;;;;Made in USA;1989;2012;;0;KodakEliteChrome100gene.jpg
0382;003820;Kodak Elite Chrome 100 E-6 slide film EB #elitechrome;;;;;1989;2012;;0;KodakEliteChrome100gene.jpg
0377;503774;Kodak Elite Chrome 100 E-6 slide film EB #elitechrome;;;;;1989;2012;;0;KodakEliteChrome100gene.jpg
0377;803773;Kodak Elite Chrome 100 E-6 slide film EB #elitechrome;;;;;1989;2012;;0;KodakEliteChrome100gene.jpg
0377;;Kodak Elite Chrome 100D E-6 slide film #elitechrome;;;;;;;;0;
0379;403793;Kodak Elite Chrome 200 – E6 - Code : 5014 – ED #elitechrome;;;;;;;;0;KodakEliteChromED100.jpg
0379;803794;Kodak Elite Chrome 200 – E6 - Code : 5014 – ED #elitechrome;;;;;;;;0;KodakEliteChromED100.jpg
0379;903793;Kodak Elite Chrome 200 – E6 - Code : 5014 – ED #elitechrome;;;;;;;;0;KodakEliteChromED100.jpg
0333;803333;Kodak Elite Chrome 400 E-6 slide film EL 5074 #elitechrome;;;;;~1997;;;0;Kodak2001EliteChrom400.jpg
0333;403334;Kodak Elite Chrome 400 EL #elitechrome;;;;;~2000 ?;;;0;Kodak2001EliteChrom400.jpg
0333;903334;Kodak Elite Chrome 400 EL #elitechrome;;;;;~2005 ?;;;0;Kodak2001EliteChrom400.jpg
0381;003810;Kodak Elite Chrome Extra Color 100 - Code : 5084 – EBX #elitechrome extracolor;;;;;2002 ?;2012;;0;KOdakEliteChtomExtracol100purple.jpg
0381;903814;Kodak Elite Chrome Extra Color EBX 100 #elitechrome extracolor;;;;;2002 ?;~2012;;0;KodakElitChromeExtracol100.jpg
0381;403814;Kodak ExtraColor Elite Chrome 100 EBX #EliteChrome;;;;;;~2012 ?;;0;KodakEliteChromeExtracolor.jpg
1249;212493;Kodak Farbwelt 100 FA Sonne Film;Kodak Gold 100-6 with slight modifications;Made for Kodak Germany and Austria;;;;~2013;KODAK GmbH;0;KodakFarbwelt100.jpg
1250;212503;Kodak Farbwelt 200 ;Kodak Gold 200-6 with slight modifications;Made for Kodak Germany and Austria;;;;~2013;KODAK GmbH;0;KodakFarbwelt200.jpg
1250;512504;Kodak Farbwelt 200 ;Kodak Gold 200-6 with slight modifications;Made for Kodak Germany and Austria;;;;~2013;KODAK GmbH;0;KodakFarbwelt200.jpg
1527;015270;Kodak Farbwelt 400 Allround FC400-8;Similar to Kodak Funtime ?;;;;2008 ?;~2013;;0;KodakFarwel400.jpg
1251;212514;Kodak Farbwelt 400 Der Film für alle Fälle;Kodak Gold 400-6 with slight modifications;Made for Kodak Germany and Austria;;;;~2013;KODAK GmbH;0;KodakFarwel400.jpg
1250;512504;Kodak FarbWelt Klassik 200 ;Kodak Gold 200-6 with slight modifications;Made for Kodak Germany and Austria;;;;~2013;KODAK GmbH;0;
1337;013370;Kodak Funtime 100 Film, FA135-27-2H - Code : 5299;Same code as Vision 2, different film... Similar to Kodacolor VR100 ?;;;;~1994 ??; ~1996;;0;
1266;012660;Kodak Funtime 200 Film (gen. 2);Similar to Kodacolor VR200 ?;;;;~1996 ?;;;0;
1325;113253;Kodak Funtime 200 Film, FB135-27-2H - Code : 5214;Similar to Kodacolor VR200-4 ?;;;;~1994 ??; ~1996;;0;
1340;613404;Kodak Gold 100 ;;;;;90's;;;0;KodakGold100Generic.jpg
1249;912494;Kodak Gold 100 (Australia) (Gen 6);;;;;2010's;;Kodak Australasia Pty. Ltd.;1;KodakGold100Generic.jpg
1249;412493;Kodak Gold 100 (Gen 6);;;;;;;;1;KodakGold100Generic.jpg
1249;512494;Kodak Gold 100 (Gen 6);Japanese version ?;;;;2010's;;;1;KodakGold100Generic.jpg
1249;312494;Kodak Gold 100 (India) (Gen 6);;;;;2010's;;;1;KodakGold100india.jpg
1547;015470;Kodak GOLD 100 Film;;;;;;;;1;KodakGold100Generic.jpg
3297;832973;Kodak Gold 100 Film for Jean Coutu Pharmacies in Canada;;;;;;;;0;
1340;013401;Kodak Gold 100 GA ;;;;;~1998;;;1;KodakGold100Generic.jpg
1249;012497;Kodak Gold 100 GA 100-6 (Gen 6);;;;;~1998;;;1;KodakGold100Generic.jpg
1291;012913;Kodak Gold 100 Gen 2 100-2;;;;;;;;1;KodakGold100Generic.jpg
1332;013320;Kodak Gold 100 Gen 4 100-4;;;;;;;;1;KodakGold100Generic.jpg
1799;017990;Kodak Gold 160;Uncertain…;;;;;;;0;
1289;012890;Kodak Gold 1600-1 Gen. 1 – 5091;Was Kodacolor Gold;;;(USA) MADE IN EASTMAN KODAK ROCHESTER NY ;1991;;;0;
1250;912503;Kodak Gold 200;;;;;~1991;;Kodak Australasia Pty. Ltd. ?;1;KodakGold200Generic.jpg
1304;013040;Kodak Gold 200 (First gen ??);;;;;~1991;;;0;KodakGold200Generic.jpg
3298;732983;Kodak Gold 200 for Jean Coutu Pharmacies in Canada ;;;;;;;;0;
3298;832983;Kodak Gold 200 for Jean Coutu Pharmacies in Canada ;;;;;;;;0;
1250;412503;Kodak Gold 200 GB (Gen 6?);;;;;1997;2001;;0;KodakGoldGen6.jpg
1250;012500;Kodak Gold 200 GB (Gen 6);;;;;1997;2001;;0;KodakGold200Generic.jpg
1548;015480;Kodak Gold 200 GB 200-7;;;;;~1991;;;1;KodakGold200Generic.jpg
1292;012921;Kodak Gold 200 Gen 2 GB 200-2;;;;;~1991;;;0;KodakGold200Generic.jpg
1333;013333;Kodak Gold 200 Gen 4 – 200-4;;Kodak;;;;;;0;
1250;512503;Kodak Gold 200 Gen 6;;;;Made in USA;2000’s;;;2;KodakGoldYellowPink.jpg
1250;;Kodak Gold 200 Gen 6 – 120 format;;;;Made in USA;2022;;;2;
1319;013193;Kodak Gold 200-3;;;;;~1991;;;1;KodakGold200Generic.jpg
1316;013160;Kodak Gold 400 (400-4 – Gen 4?);;;;;~1998 ?;;;0;KodakGold400old.jpg
1251;012513;Kodak Gold 400 (Gen 6);;;;;1997;2001;;0;KodakGold2400old.jpg
1249;012497;Kodak Gold 400 GA 400-6 (Gen 6);;;;;~1998 ?;;;1;
1303;013030;Kodak Gold 400-2 Gen 2 – Code 5097;;;;;Early 90’s ?;;;0;KodakGold400old.jpg
1315;013150;Kodak Gold 400-3 Gen 3;;;;;~1998 ?;;;0;KodakGold400old.jpg
1334;513347;Kodak Gold 400-5 Gen 5 GC;;;;;~1998 ?;;;0;KodakGold2400old.jpg
0692;906923;Kodak Gold 800;;;;;~1998 ?;;;0;
1342;013427;Kodak Gold 800 GT Disposable camera (Yellow can);Gold 800-1, Gen 1;;4;;~1998 ?;;;0;
1255;312557;Kodak Gold 800 GT Disposable camera (Yellow can);Gold Max 800-2;;3;;~1998 ?;;;0;
1342;013420;Kodak Gold 800-1 Gen 1;;;;;~1998 ?;;;0;
1315;013153;Kodak Gold II 400 ISO CG 400-8;Name of the Gold plus for European and Asian market;;;;1992;;;0;KodakGoldII400.jpg
1318;013183;Kodak Gold II GA / GR 100 ISO (gen 3);Name of the Gold plus for European and Asian market;;;;1992;;;0;KodakGoldII100.jpg
1340;013403;Kodak Gold III 100 – Code GA ;;;;;~1998;;;1;KodakGoldIII200.jpg
1332;013328;Kodak Gold III 100 Gen 4 – Code GA 100-4;;;;;~1998;;;1;KodakGoldIII200.jpg
1341;013413;Kodak Gold III 200 – Code GB (Gen 5?);;;;;;;;1;KodakGoldIII200.jpg
1333;013330;Kodak Gold III 200 Gen 4 – Code GB 200-4;;;;;;;;1;KodakGoldIII200.jpg
1334;013343;Kodak Gold III 400 Gen 5 – Code GC 400-5;;;;;;;;1;KodakGoldIII200.jpg
1255;012550;Kodak Gold Max 800 Gen 2 – 800-2;Similar to Max 800 ?;;;;2000;;;0;KodakGoldMax800.jpg
1318;213183;Kodak Gold Plus 100 Gen 3 #Gold+ goldplus;Renamed Gold II in EU & Asia;;;;;;;0;KodakGoldPlus100.jpg
1332;213320;Kodak Gold Plus 100 Gen 4 – 100-4 #Gold+ goldplus;Renamed Gold II in EU & Asia;;;;;;;0;KodakGoldPlus100.jpg
1340;013403;Kodak GOLD PLUS 100 Gen 5 - Code : 5095 – GA 5 100-5 #Gold+ goldplus GA5;Renamed Gold II in EU & Asia;;;;;;;0;KodakGoldPlus100GA5.jpg
1340;413403;Kodak GOLD PLUS 100 Gen 5 - Code : 5095 – GA 5 100-5 #Gold+ goldplus GA5;Renamed Gold II in EU & Asia;;;;;;;0;KodakGoldPlus100GA5.jpg
1319;013190;Kodak GOLD PLUS 200 Gen 3 - Code : 7096 – GB 200-3 #Gold+ goldplus;Renamed Gold II in EU & Asia;;;;;;;0;KodakGoldPlus200.jpg
1332;213320;Kodak Gold Plus 400 (Gen 4?) #Gold+ goldplus;Renamed Gold II in EU & Asia ?;;;Made in USA;;;;0;KodakGoldPlus400.jpg
1341;013413;Kodak GOLD Super 200 Gen 5 - Code : 5096 – GB 200-5;;;;;;;;0;
1333;013333;Kodak Gold Super 200-4 Gen 4;;Kodak;;;;;;0;
1251;412513;Kodak GOLD Ultra 400 (Gen 6) - Code : 5097 - GC;;;;;1993;;;0;
1315;413154;Kodak Gold Ultra 400 Film, GC135-36C-5 - Code : 5097 – GC 400-8;US name for Gold II improved (400-5 ?);;;;1993;End of 2000’s ?;;0;KodakGoldUltra400.jpg
1322;013220;Kodak GOLD Ultra 400 Gen 4 GC 400-4;;;;;1993;;;0;GoldUltra400Old.jpg
1334;013340;Kodak GOLD Ultra 400 Gen 5 GC 400-5;;;;;End of 90's ?;;;0;GoldUltra400Old.jpg
1251;012514;Kodak GOLD Ultra 400 Gen 6 GC 400-6;;;;;1993;;;0;KodakGoldUltra400.jpg
1334;813344;Kodak GOLD Ultra 400 Gen 7 (?) GC 400-7;;;;;1993;;;0;KodakGoldUltra400.jpg
1313;013133;Kodak GOLD Ultra 400 Gen 8 GC 400-8;;;;;1993;;;0;KodakGoldUltra400.jpg
0698;006980;Kodak Gold Ultra Zoom 800 – GT #GT800;Identical to Max Zoom 800?;;;;;;;0;KodakGoldUltraZoom.jpg
1522;015220;Kodak Hawkeye Traffic Surveillance Color Film – Code 2486 #Hawk-eye;;;;;80’s ?;2009;;0;
1525;015250;Kodak High Definition 200 Film HD2 – Code 3992;US name for Royal Supra ?;;;;2003 ?;;;0;KodakHighdef200.jpg
1525;315254;Kodak High Definition 200 Film HD2 – Code 3992;US name for Royal Supra ?;;;;2003 ?;;Kodak Australasia Pty Ltd;0;KodakHighdef200.jpg
1522;115223;Kodak High Definition 400 HDC;Close to Royal Gold;;;;;;;0;KodakHighDefHDC400.jpg
1522;315223;Kodak High Definition 400 HDC;Close to Royal Gold;;;;;;;0;KodakHighDefHDC400.jpg
0097;;Kodak High Speed Infrared IR - Code : 5218;;;;;1960;1970;;0;
0097;;Kodak High Speed Infrared IR (Estar Thick Base)- Code : 4143 – (HIS in certain country);4x5 infrared sheets;;;;1970;90’s…;;0;
0097;;Kodak High Speed IR Infrared Film (HIE) B&W (HIS on various country) – Code 2481;;;;Made in USA ?;1971;~ 1974 ?;;0;KodakHIE.jpg
0097;000974;Kodak High Speed IR Infrared Film, HIE - Code : 2481 #HIS;;;;;~ 1974 ?;80’s ?;;0;Kodak2481-80s.jpg
0097;000974;Kodak High Speed IR Infrared Film, HIE - Code : 2481 #HIS;;;;;80’s ?;2007;;0;Kodak2481-90s.jpg
0097;;Kodak High Speed IR Infrared Film, HIE417,Estar base - Code : 2481 – HIE417;Bulk roll, 80 ASA B&W, Versaflo Chemistry;;;;1963 ?;~ 1974 ?;;0;KodakIR2481.jpg
1326;113263;Kodak HORIZoN ISO 100 Color C-41;Similar to VR 100-4 ?;;;;;;;0;KodakHorizon.jpg
1272;012720;Kodak ISO 400 Color Negative Film;;;;;;;;0;
1293;012933;Kodak K Colour Print Film 5094 CN;For Asian market ??;Kodak;;;;End of 80’s ?;;0;
1348;813484;Kodak KODACHROME 200 Daylight - Code : 5001 - KL;Process K-14;;;;1988;~2001;;0;Kodachrome200last.jpg
1348;013480;Kodak KODACHROME 200 Film – Code 5001;;;;;1986;1988 ?;;0;Kodachrome200.jpg
1352;013520;Kodak KODACHROME 200 Film (PCI) – Code 5001 KL;Process included, unmounted;;;;;2002 ?;;0;
1348;813484;Kodak KODACHROME 200 KodakSelect - Code : KL;Process K-14;;;;~2001;2009;;0;Kodachrome200Select.jpg
1859;018590;Kodak KODACHROME 200 Professional Film PKL 5002;;;;;1986;2004 ?;;0;KodachromePKL200.jpg
1859;;Kodak Kodachrome 200 Professional PKL - Code : 5002;process K-14, 35mm, 5.3 mil acetate base;;;;1986; ~ 1988;;0;
1859;;Kodak KODACHROME 200 Professional, PKLK-14 - Code : 4955 - PKL;Bulk ?;;;;1986 ?;2002 ?;;0;
1347;013470;Kodak KODACHROME 25 (Daylight) - Code : 5073 – KM135;K-14 process;;;;1974;2001;;0;Kodachrome25KM.jpg
1351;013514;Kodak KODACHROME 25 (Daylight) - Code : 5073 – KM135 (PCI);K-14 process, Process included, unmounted;;;;1974;2001;;0;Kodachrome25KM.jpg
1347;;Kodak KODACHROME 25 Movie (16mm Daylight) - Code : 7267 - KM;;;;;1974 ?;2001 ?;;0;
1858;018584;Kodak Kodachrome 25 Professional - Code : 5034 PKM;"Replaced by ""amateur"" Kodachrome 25. process K-14,";;;;;;;0;
1346;013464;Kodak KODACHROME 40 (Type A) - Code : 5070 KPA-40 #kpa40;Process K-14;;;;1975~78;1997 ?;;0;Kodachrome40TypeA.jpg
1029;010294;Kodak KODACHROME 64 (Daylight) - Code : 5032 - KR;K-14 process. Share DX code with TX.;;;;;;;0;Kodachrome64KR.jpg
1345;013454;Kodak KODACHROME 64 Film (Daylight) KR 5032;;;;;;;;0;
1350;013500;Kodak KODACHROME 64 Film (Daylight) KR 5032 (PCI);Process included, unmounted;;;;1974 ?;2009 ?;;0;
1345;;Kodak KODACHROME 64 Film (Daylight) PKR;;;;;1974;80's ?;;0;Kodachrome64PKR.jpg
1345;013450;Kodak KODACHROME 64 Film KodakSelect (KR?);;;;;~2001;2009;;0;Kodachrome64Select.jpg
1857;018570;Kodak KODACHROME 64 Professional Film (Daylight) PKR 5033;;;;;80's;~2001;;0;Kodachrome64last.jpg
1340;813404;Kodak Kodacolor (Gold?) 100 China ;;;;Made in China ???;;;;1;
1260;012604;Kodak Kodacolor 100;;;;;1983 ?;;;0;Kodacolor100.jpg
1270;112703;Kodak Kodacolor 100 DA;;;;;1983 ?;;;0;Kodacolor100.jpg
1271;512714;Kodak KODACOLOR 200 (VR?);Similar to ColorPlus ?;;;;90's;;;0;Kodacolor200.jpg
1259;012593;Kodak Kodacolor 200 DB;;;;;1983 ?;;;0;Kodacolor200.jpg
2065;020650;Kodak Kodacolor CII – Code 5035 ?;;;;;;;;0;
1249;012497;Kodak Kodacolor DA100 Gen 5;Kodacolor Gold ?;;;;;;;0;
1318;013180;Kodak Kodacolor Gold 100 – 5095;;;;;Early 90’s ?;;;1;KodakGold100Generic.jpg
1286;012864;Kodak Kodacolor Gold 100 (First Kodacolor Gold);Formerly Kodacolor VR-G 100;Kodak;;;;;;0;KodakGold100-90s.jpg
1249;712494;Kodak Kodacolor Gold 100 (Gen 6);Chinese version ?;;;;;;;0;KodakGold100China1992.jpg
1261;012614;Kodak Kodacolor Gold 100 GA ;;;;;2010's;;;1;KodakGold100Generic.jpg
1291;012914;Kodak Kodacolor Gold 100 GA – 5095 / 8095 Gen 2;Same film as Kodacolor VR-G;;;;Early 90’s ?;;;1;KodakGold100Generic.jpg
1290;012904;Kodak Kodacolor Gold 100 GA – Emulsion 5095 (Gen 1 outside USA?);;;;;80’s ?;;;1;KodakGold100Generic.jpg
1289;012893;Kodak Kodacolor Gold 1600 Gen 1 – GF 1600-1 5091;"Renamed simply ""Gold 1600""";;;(USA) MADE IN EASTMAN KODAK ROCHESTER NY ;~1989;1991;;0;KodacolorGold1600GF.jpg
1319;013190;Kodak Kodacolor Gold 200 – 5096;;;;;Early 90’s ?;;;1;
1288;012880;Kodak Kodacolor Gold 200 Gen 1 (First Kodacolor Gold) – 200-1;Formerly Kodacolor VR-G 200;;;;1989;1991;;0;
1292;012924;Kodak Kodacolor Gold 200 Gen 2 – 5096 / 5396;;;;;1991;;;0;
1322;013220;Kodak Kodacolor Gold 400 – 5097;;;;;Early 90’s ?;;;1;
1287;012874;Kodak Kodacolor Gold 400 Gen 1 (First Kodacolor Gold) 400-1 GC;Formerly Kodacolor VR-G 200;;;;1989;1991;;1;KodakGold2400old.jpg
1303;013034;Kodak Kodacolor Gold 400 Gen 2 – 400-2;;;;;90’s ?;;;0;
1303;013034;Kodak Kodacolor Gold 400 Gen 2 – 5097 / 5397;;;;;90’s ?;;;0;
1303;013034;Kodak Kodacolor Gold 400 standard base (Gen 5?) - Code : 5097 – GC;Similar to Ektacolor Pro Gold 400GPY ?;;;;;;;0;
2066;020660;Kodak Kodacolor II ASA 100 - Code : 5035;Process C-41. Film speed increased to ASA 100. Replaced by Kodacolor VR100;;;;~1976;1983;;0;KodacolorII.jpg
2066;;Kodak Kodacolor II ASA 80 - Code : 6014;Same code as old Verichrome. Not the same film ! Process Flexicolor (early C-41);;;;110 format only : 1972, all : 1973;~1976;;0;KodacolorII.jpg
1332;013320;Kodak Kodacolor Print 100 Gen 4 100-4;Similar to Gold 100;;;;;;;1;KodakGold100Generic.jpg
1333;013333;Kodak Kodacolor Print 200 Gen 4 – 200-4;Similar to Gold 200;Kodak;;;;;;0;
1334;513347;Kodak Kodacolor Print 400-5 Gen 5;Similar to Gold 400-5;;;;~1998 ?;;;0;
1271;512714;Kodak KODACOLOR VR 200 Plus VR200+;Kodacolor VR / ColorPlus for EU discount stores ?;Kodak Pathé ?;;Made in France ?;90's;;;0;KodakVR200plus.jpg
1261;012614;Kodak KODACOLOR VR-G100 Film VRG 100;Ancestor of Kodacolor Gold (uncertain DX number...);;;Made in USA;1986;1988;;0;KodacolorVRG100.jpg
1286;012864;Kodak KODACOLOR VR-G100 Gen 1 – VRG 100-1 5095;Ancestor of Kodacolor Gold;;;Made in USA;1986;1988;;0;KodacolorVRG100.jpg
1291;012910;Kodak KODACOLOR VR-G100 Gen 2 – VRG 100-2;Ancestor of Kodacolor Gold;;;Made in USA;1986;1988;;0;KodacolorVRG100.jpg
1288;012880;Kodak KODACOLOR VR-G200 Gen 1 – VRG 200-1 – Emulsion 5096;Ancestor of Kodacolor Gold;;;Made in USA;1986;1988;;0;KodacolorVRG200.jpg
1287;012870;Kodak KODACOLOR VR-G400 Gen 1 – VRG 400-1 – Emulsion 5097;Ancestor of Kodacolor Gold;;;Made in USA;1986;1987;;0;KodacolorVRG400.jpg
1287;012870;Kodak KODACOLOR VR-G400 Gen 2 – VRG 400-1 – Emulsion 5097;Ancestor of Kodacolor Gold;;;Made in USA;1987;1988 ??;;0;KodacolorVRG400.jpg
1270;012700;Kodak KODACOLOR VR100;First Kodak film with DX coding. T grain.;;;;1982;1986;;0;KodakolorVR100.jpg
1549;015490;Kodak KODACOLOR VR100;First Kodak film with DX coding. T grain.;;;;1982;1986;;0;KodakolorVR100.jpg
1284;012841;Kodak Kodacolor VR100 Gen 1 – code 5094 CP 100-1;First Kodak film with DX coding. T grain.;;;;1982;~1984 ?;;0;KodakolorVR100.jpg
1265;012650;Kodak Kodacolor VR100 Plus DA-5 #VR100+ vr100plus vr+ DA5;;;;;1986 ?;90's ?;;0;KodakVR100plus.jpg
1314;013144;Kodak Kodacolor VR100-2 Gen 2 – code 5094 CP 100-2;T grain.;;;;~1984 ?;1986;;0;KodakolorVR100.jpg
1316;013160;Kodak Kodacolor VR100-3 Gen 3 - Code 5094;T grain.;;;;~1984 ?;1986;;0;KodakolorVR100.jpg
1326;013264;Kodak Kodacolor VR100-4 Gen 4;T grain.;;;;1982;1986;;0;KodakolorVR100.jpg
2047;020470;Kodak Kodacolor VR100-4 Gen 4;T grain.;;;;~1984 ?;1986;;0;KodakolorVR100.jpg
1294;012944;Kodak Kodacolor VR1000 Gen 1 - Code : 5090 CF 1000-1;T-grain film;;;;1982;1984;;0;KodakolorVR1000.jpg
1285;012854;Kodak Kodacolor VR1000 Gen 2 - Code : 5090 CF 1000-2;T-grain film. Increased blue layer speed.;;;;1984;1989;;0;KodacolorVR1000v2.jpg
1550;015500;Kodak KODACOLOR VR200 - CM;T-grain film;;;;1982;1986;;0;KodacolorVR200.jpg
1283;012831;Kodak KODACOLOR VR200 Gen 1 – Code 5093 CL 200-1;T-grain film;;;;1982;1986;;0;KodacolorVR200.jpg
1313;013130;Kodak KODACOLOR VR200 Gen 2 – Code 5093 CL 200-2;T-grain film;;;;1982;1986;;0;KodacolorVR200.jpg
1317;013170;Kodak KODACOLOR VR200 Gen 3 – Code 5093;T-grain film;;;;1982;1986;;0;KodacolorVR200.jpg
1325;013250;Kodak KODACOLOR VR200 Gen 4 – Code 5093;T-grain film;;;;1982;1986;;0;KodacolorVR200.jpg
1266;012660;Kodak KODACOLOR VR200 Gen 5;T-grain film;;;;1982;1986;;0;KodacolorVR200.jpg
1271;212714;Kodak Kodacolor VR200 Plus (First version?) #vr200plus vr+ VR200+;Variant of Kodak Farbwelt/Gold, for EU discount stores ?;;1;;1986 ?;90's ?;;0;KodacolorVRplus200.jpg
1282;012820;Kodak Kodacolor VR400 Gen. 1 – Code 5079 CM;T-grain film;;;Made in USA / UK;~1984;~ 1996;;0;KodakolorVR400.jpg
1268;012680;Kodak Kodacolor VR400 Gen. 2;T-grain film;;;Made in USA / (UK?);~ 1996;~2010 ?;;1;KodakolorVR400.jpg
1315;613154;Kodak Kodacolor VR400 Plus #vr400plus vr+ VR400+;Variant of Kodak Farbwelt/Gold, for EU discount stores ?;;1;;90's;;;0;KodacolorVRplus400.jpg
1527;015270;Kodak Kodacolor VR400 Plus VR400-3 VR400+ #vr400plus vr+;Variant of Kodak Farbwelt/Gold, for EU discount stores ?;;1;;90's;;;0;KodacolorVRplus400.jpg
1537;615374;Kodak Kodacolor VR400 Plus VR400+ (First version?) #vr400plus;Variant of Kodak Farbwelt/Gold, for EU discount stores ?;;1;;1986 ?;End of 2000’s ??;;0;
1537;715374;Kodak Kodacolor VR400 Plus VR400+ #vr400plus;Variant of Kodak Farbwelt/Gold, for EU discount stores ?;Kodak Pathé ?;1;Made in France ?;;End of 2000’s ?;;0;KodacolorVRplus400.jpg
1457;514574;Kodak Kodacolor 100 (new, Eastman);Kodak 100-8 (not ProImage), released for US market;Eastman Kodak;3;Made in USA;Oct 2025;;Eastman Kodak;2;Kodacolor100-New.jpg
1251;812511;Kodak Max 400;Similar to Gold 400-6 ?;;;;;;;0;KodakMax400-2001.jpg
1251;912513;Kodak Max 400;Similar to Gold 400-6 ?;;;;;;;0;KodakMax400-2001.jpg
1538;015380;Kodak MAX 400 Film - One Time Use Cameras;;disposable camera, Kodak;;;;;;0;
3363;733633;Kodak MAX 400 film for Jean Coutu Pharmacies in canada;;;;;;;;0;
3363;833633;Kodak MAX 400 film for Jean Coutu Pharmacies in canada;;;;;;;;0;
1537;015373;Kodak Max 400 GC;;;;;;;;0;KodakMax400-2001.jpg
1315;013153;Kodak Max 400-8 GC;Same as Kodak Gold II (Gold II for US market);;;;;;Kodak Australasia Pty. Ltd. ?;0;KodakMax2004.jpg
0689;106893;Kodak MAX 800 Film;;;;;;;;0;KodakMax800.jpg
0693;006930;Kodak MAX 800 Film - One Time Use Cameras;"""For use in Kodak single use cameras"".";disposable camera, Kodak;2;;;;;0;
0692;006920;Kodak MAX 800-4 Film GT;;;;;;~2008 ?;;0;KodakMax800.jpg
0690;006907;Kodak Max Zoom 800;Color T-Grain emulsions;;;;2000;;;0;KodakMaxZoom800.jpg
1270;212703;Kodak Orizzonti Cento 100 DR 7;;;;;;;;0;
1320;013200;Kodak Outdoor ISO 100 – Code 5394;Improved Kodak VR for indonesian market;;;;1991;;;0;KodakOutdoor.jpg
1025;;Kodak Panatomic-X 32 Professional FX (Iso 32 – Code 5060);;;;;1974;Early 80’s (DX coded);;0;PanatomicX32.jpg
1025;010254;Kodak Panatomic-X 32 Professional FX (Iso 32 – Code 5060) DX coded;;;;;Early 80’s (DX coded);1988;;0;KodakPanatomicXlast.jpg
0305;003054;Kodak Photomicrography Color film 2483 PCF Daylight;E4 process, ASA 16;Kodak;;Made in USA;;90’s ?;;0;Kodak2483.jpg
1489;014890;Kodak Plus Digital 400 Film PlusDigital CD – Process with Kodak PerfectTouch;"""Digital pictures included when you buy prints"" (Picture CD)";;;;~2003;;;0;KodakPlusDigital400.jpg
0693;006930;Kodak Plus Digital 800 Film - One Time Use Cameras;Kodak Max 800;disposable camera;2;;;;;0;
1026;010263;Kodak PLUS-X 125 Pro PX (Gray Yellow box) PlusX125pro;135 roll;;;;1994;~2002 ?;;0;PlusX125Pro.jpg
1026;;Kodak PLUS-X Pan - Code : 5061 – SP-936 #PlusX;5 inch;;;;;;;0;
1026;010263;Kodak PLUS-X Pan - Code : 5062 – PX (Yellow purple box) 5062PX #PlusX;135 roll;;;;;1994 ?;;0;KodakPX125purple.jpg
1026;;Kodak PLUS-X Pan - Code : 6062 – PX #PlusX;120 roll;;;;;;;0;
1026;010263;Kodak PLUS-X Pan (Gray yellow box) PX #PlusX;;;;;90’s ?;2007;;0;KodakPlusXpanGrayYellow.jpg
1026;;Kodak PLUS-X Pan Professional - Code : 6057 – PXP6057 #plusX;120 roll;;;;1967 ?;;;0;
1026;;Kodak PLUS-X Pan Professional (Estar Thick Base) - Code : 4147 – PXT #PlusX;Only sheet ?;;;;1967;~2011;;0;
1026;;Kodak Plus-X Panchromatic Film - Code : 5241 # PlusX PX;;;;;~40’s ?;;;0;
1028;010280;Kodak PLUS-X Professional 125PX Pan Film (Yellow Box) 2147 #PlusX;;;;;~2002 (1954);2012;;0;KodakPX125last.jpg
1534;115344;Kodak Portra 160 (new);;;;;2011;;;2;KodakPortra160new.jpg
1533;115334;Kodak Portra 400 new ;;;;;2010;;;2;KodakPortra400new.jpg
1524;115244;Kodak Portra 400 UC - Code : 400UC;;;;;~1999;2002 ?;;0;KodakPortra400UCold.jpg
1278;012784;Kodak Portra 800;;;;;~2000;;;0;KodakPortra800.jpg
1695;016954;Kodak Portra 800;;;;;~2000 ?;;;0;KodakPortra800.jpg
1336;013360;Kodak Pro 100 Film / PRN;;;;;~1997;1999 ?;;0;KodakPro100.jpg
1801;018014;Kodak Pro 100 Film / PRN;;;;;~1997;1999 ?;;0;KodakPro100.jpg
1334;013340;Kodak Pro 400 - Code : 5080 – PPF-2;;;;;~1997;1999 ?;;0;KodakPro400.jpg
1803;018030;Kodak Pro 400 MC Film / PMC #400mc 400pmc;Close to KODAK VERICOLOR III Professional Film / VPS;;;;;~1997 ?;;0;KodakPro400MC.jpg
1279;212794;Kodak Professional BW400CN Film;Chromogenic film;;;;2004;2014;;0;KodakBW400CN.jpg
1279;312794;Kodak Professional BW400CN Film;Chromogenic film;;;;2004;2014;;0;KodakBW400CN.jpg
1279;412794;Kodak Professional BW400CN Film;Chromogenic film;;;;2004;2014;;0;KodakBW400CN.jpg
1794;017944;KODAK Professional Color Negative II Film PCN 100 – Code 5003 #PCNII100;;;;;;;;0;
1794;017940;KODAK Professional Color Negative Type S – Code 5003;;;;;;;;0;
0839;008390;Kodak Professional EKTACHROME 100 HC Film;;;;;;;;0;
0321;003210;Kodak Professional EKTACHROME Duplicating Film EDUPE;;;;;;;;0;
0382;003820;Kodak Professional EKTACHROME E100G – Code 5091;Neutral colors;;;;2003;~2012;;0;KodakEktaE100G.jpg
0383;003830;Kodak Professional EKTACHROME E100GX – Code 5092;Warm colors;;;;2003;~2009;;0;KodakEktaE100GX.jpg
0378;003780;Kodak Professional EKTACHROME E200 Film – Code 5010 / 6010;;;;;1997 ?;~2011;;0;KodakEktaE200.jpg
0378;103780;Kodak Professional EKTACHROME E200 Film – Code 5010 / 6010;;;;;1997 ?;~2011;;0;KodakEktaE200.jpg
0382;903824;Kodak Professional EKTACHROME Film E100 (New 2018’s version);Same DX code as Elite Chrome 100, but based on E100G;Kodak;;;End of 2018 (135), End of 2019 (120 & sheet);;Kodak Alaris;2;KodakEktaE100-2018.jpg
1252;412520;Kodak Professional Ektapress PJ100;Similar to Royal Gold ??;;;Made in USA;1998;~2003;;0;KodakEktapress100.jpg
1309;013090;Kodak Professional Ektapress PJ400 (Gen 1?) – Code : 1123;Similar to Royal Gold / PJM ??;;;Made in USA;1998;~2003;;0;KodakEktapress400.jpg
1254;412544;Kodak Professional Ektapress PJ400 (Gen 2?) – Code : 1123;Similar to Royal Gold / PJM ??;;;Made in USA;1998;~2003;;0;KodakEktapress400.jpg
1255;012550;Kodak Professional Ektapress PJ800 – Code : 7190;Similar to Royal Gold 800-2 ?;;;Made in USA;1998;1999;;0;KodakEktapress800.jpg
1263;012634;Kodak Professional Ektapress PJ800-2 – Code : 7190;Similar to Royal Gold ?? Gen 2, improved : Finer grain.;;;Made in USA;1999;~2003;;0;KodakEktapress800.jpg
1521;015210;Kodak Professional ELITE COLOR 200UC;EU name of Ultra Color;;;;2004;~2008;;0;KodakEliteColor200.jpg
1523;015230;Kodak Professional ELITE COLOR 400UC;EU name of Ultra Color, renamed Portra 400UC;;;;2004;~2008;;0;
1276;012760;Kodak Professional PORTRA 100T – Code 4719 / 5719;;;;;~1998 ?;~2006;;0;KodakPortra100T.jpg
1804;018040;Kodak Professional PORTRA 100T – Code 4719 / 5719;;;;;~1998 ?;~2006;;0;KodakPortra100T.jpg
1550;015500;Kodak Professional PORTRA 160;;;;;2007;;;0;KodakPortra160VC.jpg
1275;112754;Kodak Professional PORTRA 160NC;;;;;2006;2008;;0;KodakPortra160NC.jpg
1543;015430;Kodak Professional PORTRA 160NC – Code 2755 / 4755;;;;;2006;2008;;0;KodakPortra160NC.jpg
1275;212754;Kodak Professional PORTRA 160VC;;;;;2007;2008 ?;;0;KodakPortra160VC.jpg
1544;015440;Kodak Professional PORTRA 160VC – Code 4756;;;;;2006;2008;;0;KodakPortra160VC.jpg
1277;112774;Kodak Professional PORTRA 400 Film;;;;;1998;;;2;KodakPortra400.jpg
1529;015290;Kodak Professional PORTRA 400NC;;;;;2007;;;0;KodakPortra400NC.jpg
1545;015450;Kodak Professional PORTRA 400NC;;;;;2007;;;0;KodakPortra400NC.jpg
1530;015300;Kodak Professional PORTRA 400VC;;;;;2007;;;0;KodakPortra400VC.jpg
1546;015460;Kodak Professional PORTRA 400VC;;;;;2007;;;0;KodakPortra400VC.jpg
1277;212774;Kodak Professional Portra 400VC;uncertain DX;;;;2007;;;0;KodakPortra400VC.jpg
0697;006970;Kodak Professional PORTRA 800 Film;;;;;2006 ?;;;0;KodakPortraPro800.jpg
0695;006950;Kodak Professional Portra 800-2 Film (Improved);;;;;2006;;;2;KodakPortraPro800.jpg
0693;006930;Kodak Professional Portra 800-3 Film;;;;;2004;2006 ?;;0;KodakPortraPro800.jpg
1257;012570;Kodak Professional PROFOTO 100 Color Film;;;;;;;;0;KodakProfoto100.jpg
1257;712570;Kodak Professional PROFOTO 100 Color Film;;;;;;;;0;KodakProfoto100.jpg
1802;018020;Kodak Professional PROFOTO 100 Color Film (Gen1?) – Code 5047;;;;;;;;0;KodakProfoto100.jpg
1551;015510;Kodak Professional PROFOTO 100 Color Negative Film;Proimage for specific market ?;;;;1997 ?;;;1;KodakProfoto100.jpg
1257;512574;Kodak Professional PROIMAGE 100 Color Negative Film #Profoto;Profoto for asian market, now avalable in US (2019) & EU (2018);;;;1997;;;2;KodakProimage100.jpg
0384;003840;Kodak Professional Rapid Process Copy - Code : 2064 - RPC;For simplified production of black-and-white slides of radiographs, back-and-white transparencies, and black-and-white reflection copy.;;;;1980;~1993 ?;;0;KodakRapidProcessCopy.jpg
0177;001774;Kodak Professional Rapid Process Copy (new DX?) - Code : 2064 - RPC;For simplified production of black-and-white slides of radiographs, back-and-white transparencies, and black-and-white reflection copy.;;;;~1993 ?;;;0;KodakRapidProcessCopy.jpg
1521;215213;Kodak Professional Royal Supra 200 RS200 – Code 5992 200-2;Only for EU, Africa and Asia ? Named High Definition in US ?;Kodak;;;2002;2005;;0;KodakRoyalSupra200.jpg
1523;215230;Kodak Professional Royal Supra 400 RS400 – Code 5926 400-2;Only for EU, Africa and Asia ? Named High Definition in US ?;Kodak;;;2002;2005;;0;KodakRoyalSupra400.jpg
0694;006940;Kodak Professional Royal Supra 800 RS800;Only for EU, Africa and Asia ?;Kodak;;;2002;2005;;0;KodakRoyalSupra800.jpg
1550;315500;Kodak Professional Supra 100;Very close to Ektapress PJ100. Other speeds replaced by Royal Supra / High Definition, but ISO 100 discontinued…;Kodak;;;2000;2003;;0;KodakSupra100.jpg
1521;315214;Kodak Professional Supra 200;Similar to Royal Supra ?;Kodak;;;2003 ?;;;0;KodakSupra200.jpg
1314;013141;Kodak Professional Supra 400;PJ Ektapress familly with emulsion enhancements.Replaced by Royal Supra (EU) / High Definition (US) ?;Kodak;;;2000;2003;;0;KodakSupra400.jpg
0691;006914;Kodak Professional Supra 800;Replaces Ektapress 800. PJ Ektapress familly with emulsion enhancements. Replaced by Royal Supra (EU) / High Definition (US) ?;Kodak;;;2000;2003;;0;KodakSupra800.jpg
1248;012483;Kodak Professional T400CN (T-Max B&W C-41) – Code 5021 / 6021 #tmax;Chromogenic film, without orange mask. Replaced by BW400CN;;;;1997;~2004;;0;KodakT400CN.jpg
1248;212483;Kodak Professional T400CN (T-Max B&W C-41) – Code 5021 / 6021 #tmax;Chromogenic film, without orange mask. Replaced by BW400CN;;;;1997;~2004;;0;KodakT400CN.jpg
0179;001790;Kodak Professional Traffic Surveillance Film;;;;Made in USA ?;;;;0;
1029;110294;Kodak Professional Tri-X 400 400TX green box;New box in 2023. Same film.;;;Made in USA;2023;;;2;KodakTriXnew2023.jpg
1029;110294;Kodak Professional Tri-X 400 400TX Green Letters ;(extensively re-engineered, receiving the new designation 400TX in place of TX or TX400);;;Made in USA;2007;2023;;0;TrixGreen.jpg
1324;013240;Kodak Professional ULTIMA 100 Color Film AC100-3;;;;;;;;0;KodakUltima100.jpg
1542;015420;Kodak Professional Ultima 100 Film;;;;;;;;0;KodakUltima100.jpg
1526;015260;Kodak Professional ULTRA Color 100UC #Ultracolor;US name of Elite Color;;;;2004;~2009;;0;KodakUltraColor100.jpg
1521;015210;Kodak Professional ULTRA Color 200UC #Ultracolor;US name of Elite Color;;;;~2006 ?;~2009;;0;
1523;015230;Kodak Professional ULTRA Color 400UC #Ultracolor;US name of Elite Color, renamed Portra 400UC;;;;2004;~2009;;0;KodakUltraColor400.jpg
1524;015240;Kodak Professional ULTRA Color 400UC #Ultracolor;US name of Elite Color, renamed Portra 400UC;;;;2004;~2009;;0;KodakUltraColor400.jpg
1532;015329;Kodak ProFoto XL 100;Similar to ColorPlus;;;;;~2013 ?;;1;ProFoto100XL.jpg
0178;001780;Kodak Recording Film 2475 RE 135 AH-Estar Base - ISO 1000~1200;Extremely high speed (ISO 1000) pancro film with extended red sensitivity.;Eastman Kodak Company;;Made in USA;~1965;~2000;;0;Kodak2475.jpg
1267;012673;"Kodak Retina 100 ""Parrot"" DR";Identical to Kodacolor VR plus 100;;3;;~1998 ?;~2008 ?;Kodak;0;KodakRetina100parrot.jpg
1267;012673;Kodak Retina 100 DR;Identical to Kodacolor VR plus 100;;3;;~1998 ?;;Kodak;0;KodakRetina100.jpg
1336;013360;Kodak Royal Gold 100 film, RA135-36 - Code : 5226 - RA;T-grain Gold film;;;;~1993;;;0;KodakRoyalGold100.jpg
1252;012520;Kodak Royal Gold 100 Select Series (Gen 2) – RA;T-grain Gold film;;;;End of 90's ??;;;0;KodakRoyalGold100select.jpg
1330;013300;Kodak Royal Gold 1000 (improved, Gen 2) RF135 - Code : 5216;T-grain Gold film;;;; ~1998 ?;;;0;KodakRoyalGold1000.jpg
1330;013300;Kodak Royal Gold 1000, RF135 - Code : 5216;T-grain Gold film;;;; ~1996;;;0;KodakRoyalGold1000Old.jpg
1339;013390;Kodak Royal Gold 200;T-grain Gold film;Kodak;;;~1993;;;0;KodakRoyalGold200.jpg
1506;015063;Kodak Royal Gold 200;T-grain Gold film;Kodak;;;~1993;;;0;KodakRoyalGold200.jpg
1253;012530;Kodak Royal Gold 200 Select Series (Gen 2);T-grain Gold film;;;;End of 90's ??;;;0;KodakRoyalGold200select.jpg
1521;015210;Kodak Royal Gold 200-3 Select Series;T-grain Gold film;;;;;;;0;KodakRoyalGoldSelect200.jpg
1253;012534;Kodak Royal Gold 200-6 RB;T-grain Gold film;Kodak;;;~1993;;;0;KodakRoyalGold200.jpg
1297;812973;Kodak Royal Gold 25 RZ;Improved Ektar 25;EASTMAN KODAK COMPANY;3;Made in USA;~1993;;;0;KodakRoyalGold25.jpg
1338;013380;Kodak Royal Gold 400 - Code : 5254;T-grain Gold film;Kodak;;;~1994;~1996;;0;KodakRoyalGold400.jpg
1338;;Kodak Royal Gold 400 (improved) - Code : 5254;T-grain Gold film;Kodak;;;~1994;~1996;;0;KodakRoyalGold400.jpg
1313;013133;Kodak Royal Gold 400 RC Select Series;T-grain Gold film;;;;;;;0;KodakRoyalGoldSelect400.jpg
1254;012540;Kodak Royal Gold 400 Select Series (Gen 2) RC-400-2;T-grain Gold film;;;;End of 90's ??;;;0;KodakRoyalGoldSelect400.jpg
1537;515374;Kodak SAF 400 Sports and Activity Film #SAF400;;Kodak Eastman Company;;Made in USA;;;;0;KodakSAF400.jpg
1261;012613;Kodak Select Black and White BWC 400;;;;;;;;0;KodakSelectBandW.jpg
0377;203773;Kodak Select Elitechrome 100;;;;;;;;0;
0379;003793;Kodak Select Elitechrome 200;;;;;;;;0;KodakSelectEliteChome200.jpg
1799;017994;Kodak SO200 Professional Color Negative Film 400 - Code : SO-200;;;;;;;;0;
0225;002254;Kodak SO279 VERICOLOR Slide - Code : VS – SO-279;C-41, to copy from color negatives;;;;~1980 ?;;;0;KodakSO279.jpg
0327;003274;Kodak SO366 Ektachrome SE (Short Exposure) Duplicating Film W for E6 to E6 - Code : SO-366 SOW;Selected emulsion batches of 5071 for duplicating with flash (Short Exposure);;;;1979;~2000’s ?;;0;KodakEktaSO366.jpg
0209;002094;Kodak SO370 Traffic Flow Recording Film SO-370 KS-19555 L1 / L2;DuPont's new Cronar. Used to record traffic & meter readings in telephone exchanges by Bell & AT&T.;Dupont, then Kodak ?;;;70’s;End of 90’s ?;;0;KodakSO370.jpg
1861;018610;Kodak SO446 Splicer test film Process K-14 – Code SO-446 ;Test film;;;;;;;0;
0065;;Kodak SO511 Technical Pan (TP 2415) – SO-511;Technical Pan specially formulated for solar photography and photomicrography.;;;;~1976 ?;~2000 ??;;0;
1027;110271;Kodak SO517 Tri-X 400TX SO-517 TRIX;Kodak Tri-X « Presse » (400TX) – Special Order;;;;;;;0;
1860;018604;Kodak SO604 KODACHROME 200 Splicer Test Film SO-604 ;Test film, ISO 200;;;;;;;0;
1860;018600;Kodak Splicer Test Film Kodachrome 200;;;;;;;;0;
1861;018610;Kodak Splicer Test Film Process K-14;;;;;;;;0;
1332;013320;Kodak SUPER GOLD 100 Gen 4 100-4 #supergold;;;;;;;;1;
1299;;Kodak SUPER GOLD 1600 GF Gen 1 #supergold 1600;;;;;;;;0;KodakSuperGold1600.jpg
1330;013300;Kodak SUPER GOLD 1600 GF Gen 2 #supergold 1600-2;;;;;;;;0;KodakSuperGold1600.jpg
1333;013330;Kodak SUPER GOLD 200 Gen 4 200-4 #supergold;;;;;;;;1;KodakSuperGold200.jpg
1316;013160;Kodak SUPER GOLD 400 Film #supergold;;;;;;;;1;KodakSuperGold400.jpg
1539;015390;Kodak SUPER GOLD 400 Film #supergold;;;;;;;;1;KodakSuperGold400.jpg
1527;015270;Kodak SUPER GOLD 400 Film GC-400 #supergold;;;;;2000’s ?;;;1;KodakSuperGold400.jpg
1316;113163;Kodak SUPER GOLD 400 Film GC-400 #supergold;;;;;;;;1;KodakSuperGold400.jpg
1334;013340;Kodak SUPER GOLD 400 Gen 5 400-5 #supergold;;;;;;;;1;KodakSuperGold400.jpg
1079;110793;Kodak T-MAX 100 Pro 100TMX #TMAX100;;;;;;;;0;Tmax100Pro.jpg
1079;010790;Kodak T-MAX 100 Pro Film #TMAX100;;;;;;;;0;Tmax100Pro.jpg
1079;010790;Kodak T-MAX 100 Professional (first version) - Code : 5052 / 6052 / 4052 – TMX #TMAX;135 roll, bulk and 120;;;;1986;1996;;0;100Tmax-first1993.jpg
1073;010733;Kodak T-max 100 TMY 100 (2d version) - Kodak 100TMAX Professional Film 4053;;;;Made in USA;1996;2002;;0;100Tmax-olympic.jpg
1073;010733;Kodak T-max 100 TMY 100 (3d version) – Kodak Professional 100TMAX Film (improved emulsion);;;;Made in USA;2003;;;2;100Tmax-last.jpg
1080;310804;Kodak T-MAX 400 400TMY #TMAX;;;;;1986;2002 ?;;0;Tmax400First.jpg
1074;010743;Kodak T-MAX 400 PRO TMY (2d version) #TMAX;;;;;2002;2007;;0;Tmax400TMY.jpg
1074;010743;Kodak T-MAX 400 PRO TMY-2 (3d version, Improved emulsion, 200 lines/mm) #TMAX;;;;;2007;;;2;Tmax400TMY2.jpg
1080;010800;Kodak T-MAX 400 Professional Film #TMAX;;;;;;;;0;Tmax400TMY.jpg
1080;210804;Kodak T-MAX 400 TMY #TMAX;;;;;;;;0;Tmax400TMY.jpg
1075;;Kodak T-MAX P3200 Professional - Code : 5054 – TMZ # TMAX;Bulk roll;;;;;2013;;0;
1081;010810;Kodak T-MAX P3200 Professional TMZ (New 2018 version) # TMAX P3200TMZ;;;;;2018;;Kodak Alaris;2;Tmaxp3200-2018.jpg
1075;010754;Kodak T-max p3200 TMY3200 – Kodak TMAX Professional Film P3200TMY;;;;Made in USA;~1986;2002;;0;Tmax3200first.jpg
1081;010810;Kodak T-max p3200 TMZ3200 – Kodak Professional TMAX Film (improved emulsion) P3200TMZ;;;;Made in USA;2003;2013;;0;Tmaxp3200-2d.jpg
0065;000654;Kodak Technical Pan TP (Kodak code 2415) Estar AH Base;135-36 & 35mmx150ft roll. Microfilm, need to use low contrast developers for photographic use;;;Made in USA;1977, 1980 for 135 can;2004;;0;KodakTP.jpg
1251;012514;Kodak Tri-X 400 Pro (TX400)  #TRIX;Same code as Gold films ???;;;Made in USA;;;;0;KodakTX400Pro.jpg
1027;010274;Kodak TRI-X Pan - Code : 5063 – TX (Yellow gray box) #TRIX;Renamed from 5063 TX to 400TX around 2005;;;;End of 80’s ;~2005;;0;KodakTriXPanLast.jpg
1027;;Kodak TRI-X Pan - Code : 5063 – TX (Yellow green box) #TRIX;;;;;70’s ?;End of 70’s ?;;0;KodakTriXPanFirst.jpg
1027;010274;Kodak TRI-X Pan - Code : 5063 – TX (Yellow green logo box) #TRIX;Renamed from 5063 TX to 400TX around 2005, new box around 2000 ??;;;;End of 70’s ?;End of 80’s ;;0;TriXPan.jpg
1027;010274;Kodak Tri-X Pan 400TX #TRIX;;;;Made in USA, Canada & UK;;;;0;KodakTriXpanTX.jpg
1029;010293;Kodak Tri-X TX400 black letters #TRIX;;;;Made in USA;;2007;;0;TriXTX400.jpg
1537;215374;Kodak Ultra 400 GC-8;;;;;;;;0;KodakUltra400.jpg
1537;015377;Kodak Ultra 400 GC-9;For disposable camera;;;;;;;0;
1527;015270;Kodak ULTRA MAX 400 Film GC400 #Ultramax400;Kodak Versatility Plus 400 in US, Farbwelt 400 in Germany;;;;2006;;;1;KodakUltramax400.jpg
1535;915353;Kodak ULTRA MAX 400 Film GC400 #Ultramax400;Kodak Versatility Plus 400 in US, Farbwelt 400 in Germany;;;;2006;;;1;KodakUltramax400.jpg
1537;915373;Kodak ULTRA MAX 400 Film GC400 #Ultramax400;Kodak Versatility Plus 400 in US, Farbwelt 400 in Germany;;;;2006;;;2;KodakUltramax400.jpg
1803;018030;Kodak VERICOLOR 400 PLUS Professional - Code :- VPH-2;;;;;80's ?;;;0;KodakVericolor400VPH.jpg
1803;018030;Kodak VERICOLOR 400 Professional – VPH-2;;;;;80's ?;;;0;KodakVericolor400VPH.jpg
1795;017950;Kodak VERICOLOR 400 Professional slide - Code : 4028 / 5028 - VPH;Modified process C-22;;;;1988;;;0;KodakVericolor400VPH.jpg
2402;024020;Kodak VERICOLOR HC 100 Professional - Code : 4329 VHC;High contrast;;;;1986;;;0;KodakVericolorHC.jpg
2401;024010;Kodak VERICOLOR HC 100 Professional - Code : 6329 VHC;High contrast;;;;1986;;;0;KodakVericolorHC.jpg
1336;013360;Kodak VERICOLOR HC 100 Professional - Code : VHC-2;High contrast;;;;1986;;;0;KodakVericolorHC.jpg
1793;;Kodak Vericolor III Professional Film Type S - Code : 4106 EOF;sheet;;;;1983;1997;;0;KodakVericolorIII4106.jpg
1793;017934;Kodak VERICOLOR III Professional Type S - Code : 5026 – VPS ASA 160 C-41 #VPS160;136-35 in pro-pack of 5 rolls or press-pack of 50 rolls;;;;1983;1997;;0;KodakVericolorIIIvps.jpg
2403;024030;Kodak VERICOLOR L Professional - Code : 4013 – VPL;;;;;1971 ?;;;0;
2404;024040;Kodak VERICOLOR L Professional - Code : 6013 - VPL;;;;;1971 ?;;;0;
1271;512714;Kodak-Pathé Rayoscope – Code 5354 #pathe;;Kodak-Pathé;;Made in France;50's;;;0;
0654;006543;KONICA Baby Film ISO 200;"""Film specifically designed for better baby pictures"". GX100-M name for US & EU market";Konica Corporation;;Made in Japan;~1992;~2000 ?;;0;KonicaBabyFilm.jpg
0812;008120;KONICA CENTURIA 100;;Konica Corporation;;Made in Japan;1999;~2001;;0;KonicaCenturia100.jpg
0813;008130;KONICA CENTURIA 200;;Konica Corporation;;Made in Japan;1999;~2001;;0;KonicaCenturia200.jpg
0807;008070;KONICA CENTURIA 400;;Konica Corporation;;Made in Japan;1999;~2001;;0;KonicaCenturia400.jpg
0814;008149;KONICA CENTURIA 800 撮りっきりコニカ;Avalable in 40exp.;Konica Corporation;;Made in Japan;1999;~2001;;0;KonicaCenturia800.jpg
0812;;"Konica Centuria Business ""industrial"" Color Film 100 業務用カラーフィルム100";Centuria 100;Konica;4;;;;;0;KonicaBusinessCenturia100.jpg
0807;;"Konica Centuria Business ""industrial"" Color Film 400 業務用カラーフィルム400";Centuria 400;Konica;4;;;;;0;KonicaBusinessCenturia400.jpg
1559;515594;Konica Centuria DNP 100;"Cheap ""Kodak Negative 100"" film (was Konica film before 2006, no ""DNP"" film)";Kodak, USA;4;Made in USA;2006;2009;Dai Nippon Printing;0;KonicaCenturia100DNP.jpg
1560;515603;Konica Centuria DNP 200;"Cheap ""Kodak Negative 200"" film (was Konica film before 2006, no ""DNP"" film)";Kodak, USA;4;Made in USA;2006;2009;Dai Nippon Printing;0;KonicaDNP200.jpg
1561;515613;Konica Centuria DNP 400;"Cheap ""Kodak Negative 400""(was Konica film before 2006, no ""DNP"" film)";Kodak, USA;4;Made in USA;2006;2009;Dai Nippon Printing;0;DNPCenturia400.jpg
5432;054323;Konica Centuria HD DNP 200;Not a Konica film...;;;;End of 2000's;;Dai Nippon Printing;0;DNPcenturiaHD200.jpg
0424;004240;"KONICA CENTURIA PORTRAIT400 ""For Portrait"" NH";;Konica Corporation;;Made in Japan;2003;;;0;KonicaCenturiaPortait400.jpg
0418;004180;KONICA CENTURIA SUPER 100 #SUPER100;;Konica Corporation;;Made in Japan;2002;;;0;KonicaSuperiaSuper100.jpg
0420;004200;KONICA CENTURIA SUPER 1600 #SUPER1600;;Konica Corporation;;Made in Japan;2002;;;0;KonicaSuperiaSuper1600.jpg
0419;004190;KONICA CENTURIA SUPER 200 #SUPER200;;Konica Corporation;;Made in Japan;2002;;;0;KonicaCenturiaSuper200.jpg
0421;004210;KONICA CENTURIA SUPER 400 #SUPER400;;Konica Corporation;;Made in Japan;2002;;;0;KonicaCenturiaSuper400.jpg
0425;004250;KONICA CENTURIA SUPER 400 #SUPER400;;Konica Corporation;;Made in Japan;2002;;;0;KonicaCenturiaSuper400.jpg
9100;491008;KONICA CENTURIA SUPER 400 Japan #SUPER400;;Konica Corporation;;Made in Japan;2002;;;0;KonicaCenturiaSuper400Jap.jpg
0422;004220;KONICA CENTURIA SUPER 800 #SUPER800;;Konica Corporation;;Made in Japan;2002;;;0;KonicaSuperiaSuper800.jpg
0263;002630;KONICA Chrome CENTURIA100;;;;Made in Japan;;;;0;KonicaCenturiaChrome100.jpg
0256;002560;KONICA Chrome MC100;;;;Made in Japan;;;;0;
0259;002590;KONICA Chrome R-100 #R100;Agfachrome CTprecisa 100;Agfa-Gevaert;3;;1999;2006;;0;KonicaChromeR100last.jpg
0261;002610;KONICA Chrome R-200 #R200;;;;Made in Japan;;;;0;
0262;002620;KONICA Chrome SINBI 100 Professional SRP #SINBI100;;;;Made in Japan;2002;2007 ?;;0;KonicaSinbi100Pro.jpg
0263;002630;KONICA Chrome SINBI 100 SRA #SINBI100;Centuria 100 ?;;;Made in Japan;2001;2007 ?;;0;KonicaSINBIsra.jpg
0264;002640;KONICA Chrome SINBI 200 SRM #SINBI200;Centuria 200 ?;;;Made in Japan;2001;2007 ?;;0;KonicaSinbi200.jpg
0260;002600;KONICA Chrome SINRA 100 #SINRA100;;;;Made in Japan;2001;2007 ?;;0;KonicaSinra.jpg
0640;006403;Konica Color Super SR-100 #SSR100 SuperSR100;;Konica;;;~1990;;;0;KonicaSuperSR100.jpg
0643;006433;Konica Color Super SR-100 #SSR100 SuperSR100;Share DX code with Impresa…;Konica;;;~1990;;;0;KonicaSuperSR100.jpg
0651;006510;Konica Color Super SR-200 (Gen 2) #SuperSR200 SSR200;;Konica;;;~1992 ?;;;0;KonicaSuperSR200.jpg
0653;006530;Konica Color Super SR-200P (Gen 1) #SuperSR200p SSR200p;;Konica;;;~1990;1992 ?;;0;KonicaSuperSR200.jpg
0646;006460;Konica Color Super SR-400 #SuperSR400 SSR400;;Konica;;;~1990;;;0;KonicaSuperSR400.jpg
0416;004167;KONICA FiLM>iN FiLMiN 400;"Centuria ""new"" 400 24+3 exp. Disposable camera.";Konica Corporation;4;Made in Japan;2001;2007;;0;
0421;004217;KONICA FiLM>iN FiLMiN 400;Centuria Super 400 24+3 exp. Disposable camera.;Konica Corporation;4;Made in Japan;2001;2007;;0;
0425;004257;KONICA FiLM>iN FiLMiN 400;Centuria Super 400 24+3 exp. Disposable camera.;Konica Corporation;4;Made in Japan;2001;2007;;0;KonicaMiniFilmIn400.jpg
0417;004177;KONICA FiLM>iN FiLMiN 800;"Centuria ""new"" 800 24+3 exp. Disposable camera.";Konica Corporation;4;Made in Japan;2001 ?;2007 ?;;0;
0422;004227;KONICA FiLM>iN FiLMiN 800 ;Disposable camera loaded with Centuria Super 800;Konica;4;;2001 ?;2007 ?;;0;KonicaFilmIn800.jpg
0652;;KONICA GX100;;Konica Corporation;;Made in Japan;1988;;;0;KonicaGX100.jpg
0652;006520;"KONICA GX100-M ""Mama totte"" #GX100M";"Japanese version of ""baby film""";Konica Corporation;;Made in Japan;1989;;;0;KonicaGX100M.jpg
0045;000453;KONICA GXII100 #gx2-100;;Konica Corporation;;Made in Japan;1989;1990 ?;;0;KonicaGXII100.jpg
0810;008100;KONICA IMPRESA 100 For Portrait #Impresa100;;;;;;;;0;KonicaImpresa100.jpg
0809;008090;KONICA IMPRESA 200 For Portrait #Impresa200;;;;;;;;0;KonicaImpresa200.jpg
0643;006430;KONICA IMPRESA 50 Professional #Impresa50;Share DX code with Super SR 100…;;;;1991;2004;;0;KonicaImpresa50.jpg
0806;008060;KONICA JX100;;;;;;;;0;KonicaJX100.jpg
0809;008090;"KONICA JX200M ""Skin beauty""";Only Japanese market ?;;;;;;;0;
0807;008073;KONICA JX400;;;;;;;;0;KonicaJX400.jpg
0803;008030;KONICA LV100;;;;;1995;;;0;KonicaLV100.jpg
0804;008040;KONICA LV200;;;;;1995;;;0;KonicaLV200.jpg
0802;008020;KONICA LV400;;;;;1994;;;0;KonicaLV400.jpg
0425;004257;KONICA MINI / FiLM>iN FiLMiN 400;Centuria Super 400 24+3 exp. Disposable camera.;Konica Corporation;4;Made in Japan;2007 ?;;;0;KonicaMiniFilmIn400.jpg
0008;000084;Konica Minolta PAN400 B&W #KP400;;;;Made in Japan;~2006;~2010 ??;Konica Minolta;0;KonicaMinoltaPan400.jpg
0801;008010;KONICA Monochrome VX400 C41;Chromogenic film;Konica Corporation;;Made in Japan;~1982 ?;;;0;KonicaVX400mono.jpg
0808;008080;KONICA Monochrome VX400 disposable camera C41;Chromogenic film;;;;;;;0;KonicaVX400dispo.jpg
0808;008080;KONICA Monochrome VX400, SEPIA400 C41;Chromogenic film;;;;1997;;;0;KonicaVX400Sepia.jpg
0416;004160;KONICA New CENTURIA 400;;Konica Corporation;;Made in Japan;2001;2007;;0;KonicaNewCenturia400.jpg
0417;004170;KONICA New CENTURIA 800;;Konica Corporation;;Made in Japan;2001;2007;;0;
0008;000084;Konica PAN400 B&W #KP400;;;;Made in Japan;;~2006;Konica;0;KonicaPan400.jpg
0060;200607;Konica Print Film 100 Color ママ撮って;;;;Made in Japan;;;Konica;0;KonicaPrint100Jap.jpg
0811;008110;KONICA Professional 160;;;;;1999;;;0;KonicaPro160.jpg
0653;006530;Konica SR 200 Color Print #SR200 SR-200;;Konica;;;1982~1984;1995;;0;KonicaColorSR200.jpg
0045;000451;Konica sr-g 100 Color 100 ISO #SRG100 SR-G-100;;;;Made in Japan;1990;1999;Konica;0;KonicaSRG100.jpg
0644;006440;Konica sr-g 160 Color 160 ISO #SRG160 SR-G-160;;;;Made in Japan;1992 ?;1999 ?;Konica;0;KonicaSRG160.jpg
0650;006500;Konica sr-g 200 Color 200 ISO #SRG200;;;;Made in Japan;1990;1999;Konica;0;KonicaSRG200.jpg
0043;000433;Konica sr-g 3200 Color 3200 ISO #SRG3200;;;;Made in Japan;1990;1999;Konica;0;KonicaSRG3200.jpg
0035;000351;Konica sr-v 100 Color 100 ISO #SRV100;;;;Made in Japan;~1988;~1990;Konica;0;KonicaSRV100.jpg
0640;006400;Konica Super DD 100 #SuperDD100;Similar to Super SR ?;;;Made in Japan;1991;;Konica;0;KonicaSuperDD100.jpg
0653;006530;Konica Super DD 200 #SuperDD200;Similar to Super SR ?;;;Made in Japan;1991;;Konica;0;
0642;006423;Konica Super XG 100 (Extra Grade) #XG100;;;;Made in Japan;1993;;;0;KonicaSuperXG100.jpg
0649;006494;Konica Super XG 200 (Extra Grade) #XG200;;;;Made in Japan;1993;;;0;
0647;006470;Konica Super XG 400 (Extra Grade) #XG400;;;;Made in Japan;1993;;;0;KonicaSuperXG400.jpg
0453;004531;Konica SXG 100 #SXG100;Konica VX for EU / Italian market ?;;;;mid 90’s ??;;;0;KonicaSXG100it.jpg
0460;004603;Konica SXG 100 #SXG100;Konica VX for EU / Italian market ?;;;;mid 90’s ??;;;0;KonicaSXG100it.jpg
0454;004540;Konica SXG 200 #SXG200;Konica VX for EU / Italian market ?;;;;mid 90’s ??;;;0;KonicaSXG200it.jpg
0460;004600;KONICA VX100;;;;;1995;~2004;;0;KonicaVx100.jpg
0803;008030;KONICA VX100;;;;;1995;~2004;;0;KonicaVx100.jpg
0453;004530;KONICA VX100 SUPER;;;;;~2004;2007;;0;KonicaVx100Super.jpg
0461;004610;KONICA VX200;;;;;1995;~2004;;0;KonicaVX200-2004.jpg
0804;008040;KONICA VX200;;;;;1995;~2004;;0;KonicaVX200-2004.jpg
0454;004540;KONICA VX200 SUPER;;;;;~2004;2007;;0;KonicaVx200SuperRussian.jpg
0452;004520;KONICA VX400;;;;;1995;~2004;;0;KonicaVx400.jpg
0802;008020;KONICA VX400;;;;;1995;~2004;;0;KonicaVx400.jpg
0805;008050;KONICA VX400;;;;;1995;~2004;;0;KonicaVx400.jpg
0455;004550;KONICA VX400 SUPER;;;;;~2004;2007;;0;KonicaVx400Super.jpg
0462;004620;KONICA VX400 SUPER;;;;;~2004;2007;;0;KonicaVx400Super.jpg
0800;008000;KONICA XG400;Only avalable in Japan ?;;;;1992;;;0;KonicaXG400.jpg
1550;;Kono! Dubble Bubblegum 200;Kodak Color Plus 200 pre-exposed for crappy colors;Kodak;3;"Made in USA and finished in Mexico, ""lomoized"" in Austria";2018;;Dubble / Kono!, then (in 2019) Revelog;1;
1550;;Kono! Dubble Monsoon 200 (Pacific);Kodak Color Plus 200 pre-exposed for crappy colors. Renamed Pacific in 2019;Kodak;3;"Made in USA and finished in Mexico, ""lomoized"" in Austria";2018;2019;Dubble / Kono!;0;
1550;;Kono! Dubble Pacific (Monsoon 200) ;Kodak Color Plus 200 pre-exposed for crappy colors. Was Monsoon before 2019;Kodak;3;"Made in USA and finished in Mexico, ""lomoized"" in Austria";2019;;Revelog;2;
1550;;Kono! Dubblefilm Apollo (Moonstruck);Kodak Color Plus 200 pre-exposed for crappy colors. Was Moonstruck before 2019;Kodak;3;"Made in USA and finished in Mexico, ""lomoized"" in Austria";2019;;Revelog;2;
1550;;Kono! Dubblefilm Moonstruck (Apollo);Kodak Color Plus 200 pre-exposed for crappy colors. Name changed to Apollo in 2019;Kodak;3;"Made in USA and finished in Mexico, ""lomoized"" in Austria";~2017;2019;Dubble / Kono!, then (in 2019) Revelog;0;
1550;;Kono! Dubblefilm Solar (Sunstroke);Kodak Color Plus 200 with light leaks. Renamed Solar in 2019, was Sunstroke before…;Kodak;3;"Made in USA and finished in Mexico, ""lomoized"" in Austria";2019;;Revelog;2;
1550;;Kono! Dubblefilm Sunstroke (Solar);Kodak Color Plus 200 with light leaks. Renamed Solar in 2019;Kodak;3;"Made in USA and finished in Mexico, ""lomoized"" in Austria";~2017;2019;Dubble / Kono!;0;
1550;;Kono! KATZ;Kodak Color Plus 200 with pre-exposed cats patern;Kodak;3;"Made in USA and finished in Mexico, ""lomoized"" in Austria";~2017;;Kono!;1;
1550;;Kono! LIEBE 200;Kodak Color Plus 200 with pre-exposed … red hearts of love. Please kill me…;Kodak;3;"Made in USA and finished in Mexico, ""lomoized"" in Austria";~2017;;Kono!;1;
1550;;Kono! LUFT 200;Kodak Color Plus 200 with pre-exposed hearts;Kodak;3;"Made in USA and finished in Mexico, ""lomoized"" in Austria";~2017;;Kono!;1;
1550;;Kono! Original CANDY;Kodak Color Plus 200 with pre-exposed for color shift;Kodak;3;"Made in USA and finished in Mexico, ""lomoized"" in Austria";2019 ?;;Kono!;2;
1550;;Kono! Original GALAXY;Kodak Color Plus 200 with pre-exposed for color shift;Kodak;3;"Made in USA and finished in Mexico, ""lomoized"" in Austria";2019 ?;;Kono!;2;
1550;;Kono! Original MIRAGE;Kodak Color Plus 200 with pre-exposed for color shift;Kodak;3;"Made in USA and finished in Mexico, ""lomoized"" in Austria";2019;;Kono!;2;
1550;;Kono! UFO 200;Kodak Color Plus 200 with pre-exposed UFOs…;Kodak;3;"Made in USA and finished in Mexico, ""lomoized"" in Austria";~2017;;Kono!;1;
1550;;Kono! WINTERMÄRCHEN 200;Kodak Color Plus 200 with pre-exposed Holidays signs… Limited edition;Kodak;3;"Made in USA and finished in Mexico, ""lomoized"" in Austria";~2017;;Kono!;1;
1550;;Kono! WINTERMÄRCHEN 200 #wintermarchen;Kodak Color Plus 200 with pre-exposed stars;Kodak;3;"Made in USA and finished in Mexico, ""lomoized"" in Austria";~2019 ?;;Kono!;2;
1398;013983;Kroger 200 DX coding - paper label-small-just Kroger;Ferrania;;4;Made in Italy, Finished in USA;;;The Kroger Co., Cincinnati, OH, USA;0;Kroger200DX.jpg
1361;013616;Kruidvat Color 100 Kleuren 100;IMATION COLOR HP100;;3;;;;;0;
1394;013947;Kruidvat Color 200 Kleuren 200;Ferrania FG200 ?;;2;Made in Italy;;;;0;
0130;901304;Kruidvat ColorFilm 200;Fujicolor 200;;3;Made in Japan;;;;0;KruidvatOpnamen200.jpg
0625;906254;Kruidvat ColorFilm 200;Fuji Superia 200 / C200;;3;Made in Japan;;;;0;KruidvatOpnamen200.jpg
1062;010621;Kruidvat Kleurenfilm 100;Ferrania;;;;~1998 ?;;;0;KruidvatKleuren.jpg
1374;013740;Lekium 400 ISO;Ferrania film…;Ferrania;3;;;~2013 ?;Intermarché supermaket;0;Lekium400.jpg
0460;004603;Life Brand – LifeColor Print Film ISO 100;Konica VX 100;Konica;3;Made in Japan;;;Shopper's Drug Mart / Pharmaprix;0;LifeColor100.jpg
1609;;Likon Film Super GBR100;LUCKY COLOR SUPER GBR (Plus) 100;China Lucky Film Corporation;3;Made in China;;;;0;LikonSuperGBR100.jpg
1611;;Likon Film Super GBR200;LUCKY COLOR SUPER GBR (Plus) 200;China Lucky Film Corporation;3;Made in China;;;;0;LikonSuperGBR200.jpg
1394;013947;Little Tikes High Quality 35mm Print Film;Solaris Color FG200. Included with a toy camera for +5 years.;Ferrania lmaging ;4;Made in Italy;~2004 ?;;The Little Tikes Company, Florida;0;LittleTikesFG200.jpg
1398;013984;Lloydspharmacy 200 Colour Film;Solaris Color FG Plus 200 - (free film);;2;;;;;0;LloydsPharmacy200.jpg
1403;014034;Lomography Color Negative 100 CN100;Ferrania Solaris FG Plus 100 then Kodak (Kodacolor VR series?). 120 version is made in China, just finished in China ? Or made by a Chinese company ? ;Ferrania, Kodak;2;;;~2014 ?;Lomography;0;
1403;114034;Lomography Color Negative 100 CP100;Kodak Colorplus;;3;Made in USA, Packaged in Mexico;~2014 ?;;Lomography;2;
1561;015610;Lomography Color Negative 400 (400-3 on film edge);KODAK Color Negative 400. 120 version is made in China, just finished in China ? Or made by a Chinese company ? ;;2;;;;Lomography;2;LomoColorNeg.jpg
1399;013994;Lomography Color Negative 400 CN400;Ferrania Solaris FG Plus 200 then Kodak (Kodacolor VR series?). 120 version is made in China, just finished in China ? Or made by a Chinese company ? ;DX number used by a lot of rebranded film canned by Foma;2;;;~2014 ?;Lomography;1;
0793;007930;Lomography Color Negative 400-3;2017 film edge barcode give DX number of Agfa Color Optima II ?!?;;1;;;;Lomography;1;
1402;014024;Lomography Color Negative 800 CN800;Ferrania Solaris FG 800 then Kodak (Kodacolor VR series?). 120 version is made in China, just finished in China ? Or made by a Chinese company ? ;Ferrania;2;;2009;~2014 ?;Lomography;1;LomoColorNegative800.jpg
1662;114064;Lomography Color Negative 800 CN800 (cartridge DX barcode);New version of CN800 ? DX on film barcode different than DX on cartridge… Kodacolor VR series? 120 version is made in China, just finished in China ?;Kodak;2;;2019 ???;;Lomography;2;
1562;015620;Lomography Color Negative 800 CN800 (film DX barcode);New version of CN800 ? DX on film barcode different than DX on cartridge… Kodacolor VR series? 120 version is made in China, just finished in China ?;Kodak;2;;2019 ???;;Lomography;2;
1403;114034;Lomography Color Negative F²/400 F2;Last batchs of Solaris 400;Ferrania;3;;2017;2018;Lomography;0;LomoF2.jpg
1405;114054;Lomography Color Print Film ISO 400;Kodak film (VR series?);;1;;;;Lomography;1;
1406;114064;Lomography Color Print Film ISO 800;Kodak film (VR series?);;2;;;;Lomography;2;
1395;013954;Lomography Earl Grey 100 ISO EARLGRAY;Fomapan 100;Foma;4;;~2014 ?;;Lomography;2;LomoEarlGray.jpg
1395;013954;Lomography Fine Color ISO 100;Solaris FG Plus 100;Ferrania;3;;;;Lomography;0;
1076;010764;Lomography Lady Grey 400 LADYGRAY;Kodak Cosmos 400;Kodak, USA;3;Made in USA;;2017;Lomography;0;
1395;013954;Lomography Redscale XR 100;Inverted Solaris FG Plus 100;Ferrania;3;;;;Lomography;0;LomocRedscaleXR100.jpg
0023;000234;Lomography Silver Tone 100 Silvertone;Agfa APX 100;Agfa;4;Made in Germany;~2009;~2011 ?;Lomography;0;Silvertone100.jpg
1400;;Lomography Uboot 800 ISO;Free gift (With a Lomo ActionSampler ?) for new subscribers of Uboot photo developing service. Solaris FG 800;;4;;1999;~2002;uboot.com;0;LomographyUboot.jpg
0514;805144;Lomography X Tungsten 64 ;Fujifilm Fujichrome T64. Limited edition;Fuji;4;Made in Japan;;;Lomography;0;
0847;208474;Lomography Xpro Chrome 100 ;Kodak Elite chrome 100;Kodak, USA;4;Made in USA;;;Lomography;0;LomographyXproChrome.jpg
1603;016034;LUCKY COLOR 200 / Lucky Charm 200 (乐凯 彩韵200) #LuckyColor;After China Lucky Film Corporation consolidated with Kodak Company, Lucky Co. launched this Lucky charm-200 color film;China Lucky Film Corporation;;Made in China;~2003;;;0;LuckyCharm200.jpg
1270;512703;LUCKY COLOR 200 ISO #LuckyColor;Kodak film produced under licence by Lucky in China ? Same DX as Kodak CE Color, Yellow Kodak can with Lucky sticker...;China Lucky Film Corporation / Kodak ?;;Made in China;;;;0;
1604;016044;LUCKY COLOR 200+ #LuckyColor 200plus;;China Lucky Film Corporation;;Made in China;;;;0;LuckyColor200plus.jpg
1609;016090;LUCKY COLOR GBR Plus 100 #LuckyColor GBR+ GBR100+;;China Lucky Film Corporation;;Made in China;;;;0;LuckyGBRplus100.jpg
1609;;LUCKY COLOR GBR Plus 200 #LuckyColor GBR+ GBR200+;;China Lucky Film Corporation;;Made in China;;;;0;LuckyGBRplus200.jpg
0964;009640;LUCKY COLOR LUCKYCHROME 100HC #LuckyColor CH;;China Lucky Film Corporation;;Made in China;1992;;;0;
1602;016020;LUCKY COLOR SUPER 100 #LuckyColor;;China Lucky Film Corporation;;Made in China;;;;0;
1600;016000;LUCKY COLOR SUPER 100 NEW #LuckyColor;;China Lucky Film Corporation;;Made in China;;;;0;LuckyColor100SuperNew.jpg
1606;016060;LUCKY COLOR SUPER 200 #LuckyColor;;China Lucky Film Corporation;;Made in China;;;;0;LuckyColorSuper200.jpg
1606;016060;LUCKY COLOR SUPER 200 NEW #LuckyColor;;China Lucky Film Corporation;;Made in China;;2017;;0;LuckyColor200SuperNew.jpg
1604;016040;LUCKY COLOR SUPER 200 NEW #LuckyColor SUPERNEW200;;China Lucky Film Corporation;;Made in China;;2017;;0;LuckySuper200New.jpg
1608;016080;LUCKY COLOR SUPER 400 #LuckyColor;;China Lucky Film Corporation;;Made in China;;;;0;
1609;016090;LUCKY COLOR SUPER GBR Plus 100 #LuckyColor;;China Lucky Film Corporation;;Made in China;;;;0;
1611;016110;LUCKY COLOR SUPER GBR Plus 200 #LuckyColor;;China Lucky Film Corporation;;Made in China;;;;0;
1613;016130;LUCKY COLOR SUPER GBR Plus 400 #LuckyColor;;China Lucky Film Corporation;;Made in China;;;;1;LuckyGBRSuperplus400.jpg
1603;016034;LUCKY SHD100 LuckyPan (old);;China Lucky Film Corporation;;Made in China;;2017 ?;;0;LuckypanSHD100.jpg
1448;014480;LUCKY SHD100 NEW ;;China Lucky Film Corporation;;Made in China;2017 ?;;;2;LuckySHDnew100.jpg
1448;;LUCKY SHD100 NEW 120 B&W;120 roll film;China Lucky Film Corporation;;Made in China;;~2010 ?;;0;LuckySHDnew100-120.jpg
1452;014520;LUCKY SHD400 CN B&W;;China Lucky Film Corporation;;Made in China;;;;1;LuckySHD400CN.jpg
1450;014500;LUCKY SHD400 NEW B&W;;China Lucky Film Corporation;;Made in China;;;;1;LuckySHDnew400.jpg
1049;310490;Maco MACOPHOT IR 820c Black & White infrared 820nm IR820c;uncertain DX number… Based on Efke IR820 ?;Efke ?;;Made in Europe;2000 (experimental) , 2002 (release);~2006;Mahn & Co. (Maco);0;MacoPhotoIR820c.jpg
0023;000231;Maco MACOPHOT UP 100 Plus #up100plus UP100+;EFKE KB100 in APX100 cartridge (Dx number);Efke;3;;;;Mahn & Co. (Maco);0;MacoUp100plus.jpg
0272;002724;Maco PO100c Negative + Reversal film Orthopan 380-610nm B&W slide #Macophot;DX number used by a lot of Foma & rebranded film:(;;;;;;Mahn & Co. (Maco);0;MacoPO100c.jpg
0462;004623;Market Basket ISO 400 C-41;Konica VX 400 (super);Konica;4;;80's ?;2000’s ?;DeMoulas Market Basket, USA;0;
0426;004264;Max Spielmann Color Print Film MX400 Pro-Zoom Japan #MaxSpielmann prozoom;Konica Centuria Super 400;;2;Made in Japan;;;Max Spielmann Photopoint, GB;0;MaxSpielmannMX400JP.jpg
1394;013943;Maxicolor CN200;Ferrania FG;;3;Made in Italy;;;Maxicolor, Gentilly, France;0;
5253;052323;MaxiColor Film 200 Iso;Exclusivement réservé aux clients Maxicolor;;;Made in EU;;;Maxicolor, Gentilly, France;0;Maxicolor200.jpg
;015590;Memories Color Print Film Indoor & Outdoor 200 ASA;Uncertain DX, refer to Centuria DNP 100 (Kodak film) ??;;0;Product of Japan;;;Dollar Store ?;0;Memories200.jpg
0129;001294;Migros Mcolor 200;Fujicolor 200 (Same DX);Made By Fujifilm;3;Made in Japan;2002 ?;;Migros;0;
0195;001953;Migros Mcolor 200 Super GX;Fujicolor Super G200 (Same DX);;3;;;;Migros;0;
0227;002723;MIRAGE Films Black & White ISO 100;Efke KB100;;3;;;;;0;
0491;004911;Mitsubishi Color MX-III 100 mxiii;Konica ? Or Agfa…;;2;;;;Mitsubishi Paper Mills Limited;0;MitsubishiMXIII100.jpg
9130;191308;Mitsubishi Color MX100;Konica Color VX100;Konica;3;Made in Japan;1996;;Mitsubishi Paper Mills Limited;0;MitsubishiMX100.jpg
9130;191308;Mitsubishi Color Super MX100;Konica ?;;2;Made in Japan;;;Mitsubishi Paper Mills Limited;0;MitsubishiSuperMX100.jpg
0574;505744;Mitsubishi Color Super MX100;Fujicolor C100 ;;3;Made in Japan;;;Mitsubishi Paper Mills Limited;0;MitsubishiSuperMX100.jpg
1852;018523;MOTOPHOTO Super Color 100;PERUTZ SC 100 Color;Agfa;3;Made in Germany;;;Moto Photo;0;
0628;306284;Müller Photo 400 Dynamic Muller foto400;Fuji Superia 400;;2;Made in Japan;;;Müller;0;MullerFoto400.jpg
0625;106254;"My Heart Professional ""Barbie"" Sweetheart 135 color print film – ISO 200, 27 exp only, Fuji version #myheart";Rebranded expired Fujicolor 200, available on China market. Also exist with rebranded Lucky Color or cheap Kodak film;;3;;;;;1;BarbieMyHeart.jpg
1271;512714;"My Heart Professional ""Barbie"" Sweetheart 135 color print film – ISO 200, 27 exp only, Kodak version #myheart";Kodak ColorPlus, available on China market. Exist with rebranded Lucky Color and Fujicolor…;Kodak;4;Kodak;~2018 ?;;;2;BarbieMyHeart.jpg
1604;016044;"My Heart Professional ""Barbie"" Sweetheart 135 color print film – ISO 200, 27 exp only, LuckyColor version #myheart";Rebranded Lucky Super 200 New, available on China market.Also exist with rebranded Fujicolor or cheap Kodak film;;3;;;;;0;BarbieMyHeart.jpg
0353;003534;"My Heart Professional ""Barbie"" Sweetheart 135 color print film – ISO 200, 27 exp only, unknow version #myheart";Unknown, cheap color film (Kodak China ?) available on China market. Exist with rebranded Lucky Color and Fujicolor…;;2;;;;;0;BarbieMyHeart.jpg
1399;013994;Nation Photo 400 iso B&W #NationFoto nationphoto;Unknown, in Foma cardridge but do not seem to be Fomapan…;Unknown;0;;2018;Mid-2019;Nation Photo (French photographic store);0;NationPhoto400.jpg
1843;018430;NIKA NikaColor 100;AgfaColor XRG;;3;;;;;0;
0803;008033;No Frills. Colour Print Film Super XG100;KONICA VX100 / LV100;;3;;;;Franklins Limited;0;
0144;001441;No name color negative film;;;;;;;;0;
0274;002743;O.K. Gold Print 100 #OK100;Agfacolor XRG 100;;3;Made In EC;;;Ok Foto Labor GmbH;0;OkgoldPrint100.jpg
0274;002743;O.K. Gold Print 100 Super SL100 #ok;Agfacolor XRG 100;;3;Made In EC;;;Ok Foto Labor GmbH;0;OKGoldSuperSL100.jpg
0753;007537;O.K. Gold Print 200 #ok;Agfacolor 200;;3;Made In EC;;;Ok Foto Labor GmbH;0;OKgold200.jpg
1845;018458;OBJECTA Color Negativ 200 ;Agfa XRG 200;;3;Made in EU;90’s;;;0;
1067;010673;One Film 200 #Polaroid;Scotch Color EXH;Ferrania;3;;;;Polaroid ?;0;
1602;016024;Oriental G2 100;Lucky SHD ?;;;;;;;0;
8361;883610;"Oriental Seagull ""New"" 100 - OR NSG 100";Kentmere 100;Kentmere;3;Made in UK;~2016;;Seagull / Cyber Graphics Corporation;1;NewSeagull100.jpg
8364;883640;"Oriental Seagull ""New"" 400 - OR NSG 400";Kentmere 400;Kentmere;3;Made in UK;~2016;;Seagull / Cyber Graphics Corporation;1;NewSeagull400.jpg
1936;019360;Orwo CNG-200 Orwocolor #CNG200;Scotch Color EXL;3M (Italy);3;;1992;1994;Filmfabrik Wolfen;0;
1941;019410;Orwo CNG-400 Orwocolor #CNG400;Scotch Color EXL;3M (Italy);3;;1992;1994;Filmfabrik Wolfen;0;OrwoColorCNG400.jpg
1953;019530;Orwo CNG-400 Orwocolor #CNG400;Scotch Color EXL plus;Imation;3;;1994;1998;Orwo;0;OrwoCNN100.jpg
1954;019540;ORWO COLOR CNN200;Scotch Color EXL plus;Imation;3;;1994;1998;Orwo;0;OrwoCNN200.jpg
1956;019560;ORWO COLOR CNN400;Scotch Color EXL plus;Imation;3;;1994;1998;Orwo;0;OrwoCNN400.jpg
1921;019210;ORWO COLOR CNS100;Konica Color VX100;Konica Color, J;3;Made in USA (??);1997;1998;Orwo;0;OrwoCNS100.jpg
1937;019370;ORWO COLOR CNS200;Konica Color VX100;Konica Color, J;3;Made in USA (??);1997;1998;Orwo;0;OrwoCNS200.jpg
1942;019420;ORWO COLOR CNS400;Konica Color VX100;Konica Color, J;3;Made in USA (??);1997;1998;Orwo;0;OrwoCNS400.jpg
1955;019550;ORWO COLOR OCN100;;;;;;;;0;
1957;019570;ORWO COLOR OCN200;;;;;;;;0;
1959;019590;ORWO COLOR OCN400;;;;;;;;0;
1968;019684;Orwo Orwochrome RC100 #RC-100;Scotch Chrome 100;3M (Italy);3;;1992;1994;Filmfabrik Wolfen;0;OrwoChromeRC100.jpg
1969;019690;Orwo ORWOPAN 100;New name of NP22 before end of Orwo;Filmfabrik Wolfen GmbH;;Made in Germany;;;;0;Orwopan100.jpg
1970;019700;Orwo ORWOPAN 125;Ilford FP4;Ilford;3;Made in UK;;;;0;Orwopan125.jpg
0005;000054;Orwo ORWOPAN 25;Improved Orwo NP15;Filmfabrik Wolfen GmbH;;Made in Germany;;2006;;0;Orwopan25.jpg
0005;000054;Orwo ORWOPAN 400;Fortepan 400;Forte;3;Made in Hungary;;;Filmfabrik Wolfen AG;0;Orwopan400.jpg
1971;019710;Orwo ORWOPAN 400;Ilford HP5;Filmfabrik Wolfen GmbH;3;Made in UK;;;;0;Orwopan400.jpg
1952;019523;Orwo QRS-100 Orwocolor #QRS100 ;Last original orwo color film;VEB FilmfabrikWolfen;;Made In Germany;1992;~1994;;0;OrwoQRS100.jpg
0005;000054;ORWO TC-27 Traffic Control #TC27;Surveillance film for trafic;Orwo-Filmotec/inovisCoat;;Made in Germany;;~2014;;0;OrwoTC27.jpg
0461;004613;Osco Color Print ISO 200 Sav-On Osco;Konica VX 200;;3;;;;Albertson's;0;SavOnColor200.jpg
0033;000333;PacificFilm for color print ISO 100;;;;Made in Japan;;;Pacific Film Laboratories pty Limited, Autralia;0;PacificColor.jpg
1843;018434;PC Color 100;Perutz;;;;;;;0;
0624;706243;PC President's Choice / Le choix du Président ISO 200;Fuji Superia 200 or X-tra 200;;3;Packaged in USA;1991 ?;;Loblaw Companies Limited / Sunfresh Canada;0;PC200.jpg
0626;706263;PC President's Choice / Le choix du Président ISO 400;Fuji Superia 400 or X-tra 400;;3;Packaged in USA;1991 ?;;Loblaw Companies Limited / Sunfresh Canada;0;PC400.jpg
0561;405613;PC President's Choice / Le choix du Président ISO 800;Fuji Superia 800 or X-tra 800;;3;Packaged in USA;1991 ?;;Loblaw Companies Limited / Sunfresh Canada;0;PC800.jpg
0303;003034;Perfecta Film ISO 200;(Uncertain DX number…) Ferrania Scotch Color;;1;;;;;0;Perfecta200.jpg
1846;018460;PERUTZ 200 Color;;;;;;;;0;
0057;000570;Perutz Chrome CR100;Agfachrome CT100i/ CTx100/CTprecisa 100;Agfa-Gevaert;3;Made in Germany;1992;2005;Kaufhäuser;0;PerutzCR100.jpg
1852;018520;Perutz Color SC100;Agfacolor HDC;Agfa-Gevaert;3;;;~1995 ?;Kaufhäuser;0;PerutzSC100.jpg
1846;018460;Perutz Color SC200;Agfacolor HDC;Agfa-Gevaert;3;;;~1995 ?;Kaufhäuser;0;PerutzSC200.jpg
1848;018480;Perutz Color SC400;Agfacolor HDC;Agfa-Gevaert;3;;;~1995 ?;Kaufhäuser;0;
0274;002744;Perutz PR100 Color;Agfacolor XR;Agfa-Gevaert;3;;~1990 ?;1995;Kaufhäuser;0;PerutzPR100.jpg
0274;002744;Perutz PR100 Color (four squares);Agfacolor XR;Agfa-Gevaert;3;;1985;~1990 ?;Kaufhäuser;0;PerutzColorPR100squares.jpg
1847;018470;Perutz Primera 100;Agfacolor Vista;Agfa-Gevaert;3;;2002;2005;Kaufhäuser;0;PerutzPrimera100.jpg
0760;007600;Perutz Primera 100-A;;Agfa;;;;;;0;
0497;004970;Perutz Primera 200 ;Agfacolor Vista;Agfa-Gevaert;3;;2002;2005;;0;PerutzPrimera200Last.jpg
0753;007530;Perutz Primera 200 ;;Agfa;;;~2002;~2009;;0;PerutzPrimera200Last.jpg
0625;406254;Perutz Primera 200 ;"Fujicolor C200. ""Perutz is used under licence of AgfaPhoto [...] Agfaphoto does not manufacture these products""";Fuji;;Made in Japan;;;Minilab Factory GmbH;0;PerutzPrimera200Last.jpg
0726;007260;Perutz Primera 200 APS;;Agfa;;;;;;0;
0728;007280;Perutz Primera 200 APS-N;;Agfa;;;;;;0;
0738;007380;Perutz Primera 200-N;;Agfa;;;;;;0;
0756;007560;Perutz Primera 200-N;Agfacolor;Agfa;;;;;;0;
1850;018500;Perutz Primera 400;Agfacolor Vista;Agfa-Gevaert;3;;2002;2005;Kaufhäuser;0;
0740;007400;Perutz Primera 400-N;;Agfa;;;;;;0;
0757;007570;Perutz Primera 400-N;;Agfa;;;;;;0;
0498;004980;Perutz Primera 800;;Agfa;;;~2001;;;0;
0754;007540;Perutz Primera 800;;Agfa;;;~2002;;;0;
0758;007580;Perutz Primera 800-N;;Agfa;;;;;;0;
1852;018520;Perutz SC 100 Color New #SC100New;Agfacolor Vista;Agfa-Gevaert;3;;1995;2002;Kaufhäuser and Europa-Foto ;0;PerutzSC100new.jpg
1841;018410;Perutz SC 100-2 Color #SC100II;;Agfa;;;;;;0;
1843;018430;Perutz SC 100-3 Color #SC100III;;Agfa;;;;;;0;
1844;018444;Perutz SC 200 Color New #SC200New;Agfacolor Vista;Agfa-Gevaert;3;;1995;2002;Kaufhäuser and Europa-Foto ;0;
1851;018510;Perutz SC 200-2 Color #SC200II;;Agfa;;;;;;0;
1844;018440;Perutz SC 200-3 Color #SC200III;;Agfa;;;;~1989 ?;;0;
1845;018450;Perutz SC 200-4 Color #SC200IV;Agfa XRG 200;Agfa;3;;~1989 ?;~1995 ?;;0;
1848;018480;Perutz SC 400 Color New #SC400New;Agfacolor Vista;Agfa-Gevaert;3;;1995;2002;Kaufhäuser and Europa-Foto ;0;
1849;018490;Perutz SC 400-2 Color #SC400II;;Agfa;;;;;;0;
1395;013953;Photo Hall Color Pro ISO 200;;;;;;;;0;
1395;013953;Photo Hall Deluxe 100 Photohall;Ferrania Color FG Plus 100;;4;;;;;0;PhotoHallDelux100.jpg
0129;001298;Photo Hall Multimedia Color Prints 200 Photohall;Fuji C200 ?;;1;;;;;0;
0497;004974;Photo Service – Sélection 200 Iso #photoservice;AGFA AgfaColor 200;Agfa;3;Fabriqué en UE;;;"French labs ""photo service""";0;Photoservice200.jpg
1555;215554;Photo Service – Sélection 400 Iso #photoservice;Kodak Color Negative 400;Kodak;3;;;;"French labs ""photo service""";0;Photoservice400.jpg
1841;018413;"Photo Service ""copper & rainbow"" – Sélection 100 Iso #photoservice";Agfa / Perutz SC 100-2;Agfa;3;Fabriqué en UE;;;"French labs ""photo service""";0;Photoservice100Cop.jpg
1850;018504;"Photo Service ""gold"" – Sélection 400 Iso #photoservice";Agfa / Perutz SC 400-2;Agfa;2;Fabriqué en UE;;;"French labs ""photo service""";0;PhotoService400Gold.jpg
0625;306253;Photocité couleur 200 #Franceloisir photocite;Fuji C200 / Superia 200;;4;Fabriqué au Japon;;;France Loisir;0;Photocite200.jpg
0628;306284;Photocité couleur 400 #Franceloisir photocite;Fuji C400 / Superia 400;;2;;;;France Loisir;0;Photocite400.jpg
1841;018410;Polaroid 100;Agfa / Perutz SC 100-2 ?;;2;;;;;0;
0741;007410;Polaroid 100 Plus;;;;;;;;0;
0129;001293;Polaroid 200 ;Fujicolor 200 ? Same DX;;3;;;;;0;
0141;901413;Polaroid 200 ;Fujicolor Super HQ ?;;1;;;;;0;
0742;007420;Polaroid 200 Plus;;;;;;;;0;
1850;018503;Polaroid 400 ;Perutz Primera 400 / Agfa Vista 400;;3;Made in Germany;;;;0;
1850;018503;Polaroid 400 – Walmart Branded #walmart;Perutz Primera 400 / Agfa Vista 400;;3;Made in Germany;;;;0;WalmartPolaroid400.jpg
0743;007430;Polaroid 400 Plus;;;;;;;;0;
0744;007440;Polaroid 800 Plus;;;;;;;;0;
0295;002950;Polaroid CP100;3M/Ferrania ScotchColor AT200;;4;;;;Polaroid;0;
0297;002970;Polaroid CP200;3M/Ferrania ScotchColor AT200;;4;;;;Polaroid;0;
0299;002990;Polaroid CP400;3M/Ferrania ScotchColor AT200;;4;;;;Polaroid;0;
0064;000644;Polaroid disposable camera film;;Polaroid;0;Made in Japan;;;;0;
0753;007533;Polaroid HDF-1 C-41 HDF1;;;;Made in ?;;;;0;
1847;018474;Polaroid HDF1 100 HDF-1;;;;;;;;0;
0578;905783;Polaroid HighDefinition 400 ;Superia 400 ?;;1;;;;;0;
0141;001413;Polaroid HighDefinition Color 200 HD200;Fujicolor Superia 200;Agfa-Gevaert;3;;1998;~2004 ?;Polaroid;0;PolaroidHighDef200.jpg
0651;006513;Polaroid HighDefinition Color 200 HD200;Konica Color SR;Konica;3;Made in Japan;1991;1994;Polaroid;0;PolaroidHighDef200.jpg
0651;006513;Polaroid HighDefinition Color 200 HD200;Konica Color Super XG;Konica;3;Made in Japan;1994;1996;Polaroid;0;PolaroidHighDef200.jpg
0651;006513;Polaroid HighDefinition Color 200 HD200;Konica Color VX;Konica;3;Made in Japan;1996;1998;Polaroid;0;PolaroidHighDef200.jpg
0646;006460;Polaroid HighDefinition Color 400 HD400;Agfacolor Vista;Agfa-Gevaert;3;;1998;~2002 ?;Polaroid;0;PolaroidHighDef400.jpg
0646;006460;Polaroid HighDefinition Color 400 HD400;Konica Color SR;Konica;3;Made in Japan;1991;1994;Polaroid;0;PolaroidHighDef400.jpg
0646;006460;Polaroid HighDefinition Color 400 HD400;Konica Color Super XG;Konica;3;Made in Japan;1994;1996;Polaroid;0;PolaroidHighDef400.jpg
0646;006460;Polaroid HighDefinition Color 400 HD400;Konica Color VX;Konica;3;Made in Japan;1994;1998;Polaroid;0;PolaroidHighDef400.jpg
0640;006404;Polaroid HighDefinition HD2 100 Iso HDII;Konica Super SR 100;;3;Made in Japan;;;Polaroid;0;
0651;006510;Polaroid HighDefinition HD2 200 Iso HDII;Konica Super SR 200;;3;Made in Japan;;;Polaroid;0;
0803;008031;Polaroid HighDefinition HD4 100 HDIV;KONICA LV100 / VX100 ?;;1;;;;Polaroid;0;
0756;007563;Polaroid HighDefinition Plus Color 200;AGFACOLOR 200-N / Perutz Primera 200;;4;Made in Germany;;;Polaroid / Wal*Mart;0;PolaroidHighDefPlus200.jpg
1821;018213;Polaroid HighDefinition Plus Color 400;Agfa Vista 400-N;;3;Made in Germany;;;Polaroid / Wal*Mart;0;PolaroidHiDefPlus400.jpg
0291;002910;Polaroid One Film 100 Color print film OF1 #onefilm;Said to be 3M product (Scotch Color 100) made in Italy & packed in USA;3M / Ferrania or Agfa;2;;1989;end-90's ?;Polaroid;0;PolaroidOneFilm.jpg
0795;007953;Polaroid One Film 200 Color print film OF1 – Improved color stabilty #onefilm;Said to be 3M product (Scotch Color 200) made in Italy & packed in USA but DX number is refering to Agfa Optima 200;3M / Ferrania or Agfa;2;;1991;end-90's ?;Polaroid;0;PolaroidOneFilm.jpg
0753;007534;Polaroid One Film 200 Color print film OF1 #onefilm;Said to be 3M product (Scotch Color 200) made in Italy & packed in USA but DX number is refering to Agfacolor 200;3M / Ferrania or Agfa;1;;1989;1991;Polaroid;0;PolaroidOneFilm.jpg
0551;505514;Porst ChromeX 100 #PorstChrome X100;Fujichrome Sensia (improved);Fujifilm;3;;2002;;Ringfoto/Porst;0;PorstChromeX100.jpg
1841;018413;Porst Color CN100 (Super CN on back of the box) #PorstColor PorstColorsuperCN100 SCN100;Agfa / Perutz SC 100-2 then Agfacolor HDC;Agfa Gevaert AG;3;Made in Germany;1998;;Photo Porst;0;PorstCN100.jpg
0625;406254;Porst Photo Porst Color X 200 #PorstColorX200;Fujicolor Superia;Fujifilm;3;;2002;~2012 ??;Ringfoto/Porst;0;PorstColorX200.jpg
0625;333098;Power Geek 35mm Film For Color Prints (ISO 200 – 10 exp) #poundland powergeek;Number printed on the box (333098) is not DX code... Fujicolor 200 / C200 (identified from film edge barcode);;4;;~2018;;Poundland (UK);1;PoundlandPowerGeek200.jpg
1361;013614;Press Color 100;IMATION COLOR HP100;Imation / 3M;3;Made in CE;;;;0;PressColor100.jpg
0580;005803;Presto Print Kleurenfilm 100;Fuji Super G Plus 100 ;;4;;~1998;;;0;
0196;001964;Presto Print Kleurenfilm 100 ;Fuji Super G 100;;3;Made in Japan;;~1998;;0;
1841;018414;Profi Color Plus ISO 100 ;Agfa / Perutz SC 100-2;;3;;;;;0;
1408;014080;RAINBOW;Chinese emulsion. All SMPIC films have same DX…;Shanghai General Photosensitive Film Factory;;Made in China;;;;0;
1067;010673;RAKS Rakscolor 200SNC (Super Natural Colors);Scotch Color;Ferrania;3;Made in UE;;;RAKS Electronics GmbH;0;
0059;000594;Revue Dia 100 #revuedia100;Agfa ?;;1;Made in Germany;1990;~2007;Foto-Quelle;0;RevueDia100.jpg
0058;000584;Revue DIA 100 Sunshine #revuedia100;Agfachrome CT100;Agfa-Gevaert;3;Made in Germany;1985;1990;Foto-Quelle;0;RevueDia100.jpg
0274;002743;Revue TRG100;Agfacolor XRG;Agfa-Gevaert;3;;1988;1995;Foto-Quelle;0;RevueTRG100.jpg
0628;406283;Rite Aid 200 RiteAid;Fuji C200;;2;;;;Rite Aid Pharmacy;0;RiteAid200.jpg
0141;501413;Rite Aid 200 RiteAid Agfa;Agfa film;;2;;;;Rite Aid Pharmacy;0;RiteAid200.jpg
0578;505783;Rite Aid 400 RiteAid;Fujicolor Super G+ 400 / Superia 400 ;;3;;;;Rite Aid Pharmacy;0;RiteAid400.jpg
2568;125684;Ritz Big Print II 200QR;;;;Made in Germany;;;;0;
0141;501413;Ritz Crystal Big Print 200 QX200;Fujicolor Super HQ200 SHQII;;3;Made in Germany (?);;;;0;Ritz200.jpg
0193;501933;Ritz Crystal Big Print 400 QX400;Fujicolor 400;;3;;;;;0;RitzBigPrintQX400.jpg
1398;013983;Rollei CN200 PRO ;Agfa Aviphot Color X-400 PE1. DX number from recycled can ?;Agfa-Gevaert;3;;;2015;Mahn & Co. (Maco);0;
1739;017394;Rollei Crossbird 200 slide Creative Edition;Agfa Aviphot Chrome 200, similar to Rollei Digibase CR200 Pro Slide;;3;;2009 ?;;Mahn & Co. (Maco);0;
1850;018506;Rollei Digibase CR200 PRO;Agfa Aviphot X400;Agfa-Gevaert;4;;2008;2014;Mahn & Co. (Maco);0;RolleiDigibaseCN200pro.jpg
1850;018506;Rollei INFRARED IR400;Aviphot Pan 400S ? ;Agfa-Gevaert;1;Made in Germany;;;Mahn & Co. (Maco);0;RolleiIR400.jpg
4400;844004;Rollei INFRARED IR400;Aviphot Pan 400S ? ;Agfa-Gevaert;1;Made in Germany;;;Mahn & Co. (Maco);2;RolleiIR400.jpg
0019;000194;Rollei R³ #R3;Upgraded Maco Cube 400c emulsion. Reused APX 400 cartridges;Filmotec ?;3;Made in Germany;2004;2014;Mahn & Co. (Maco);0;
0019;000191;Rollei Retro 100 ;Agfa APX 100. Reused APX 400 cartridges. First Rollei APX batch ???;Agfa;4;;;~2006 ??;Mahn & Co. (Maco);0;RolleiRetro100.jpg
0019;000191;Rollei Retro 100 (Emulsion 694) – exp 2008;Agfa APX 100;Agfa;4;;~2006 ?;~2008 ?;Mahn & Co. (Maco);0;RolleiRetro100-694.jpg
0272;002724;Rollei Retro 100 (Emulsion 707) – exp 2011;Agfa APX 100;Agfa;4;;~2009 ?;2012 ?;Mahn & Co. (Maco);0;
0272;002723;Rollei Retro 100 (Maco photo emulsion 706 – RR1011) – exp 2012;Unknown, Agfa APX 100 ? Maco PO100C ??;;1;;;~2009;Mahn & Co. (Maco);1;RolleiRetro100-706.jpg
0019;000194;Rollei Retro 400S;Aviphot Pan 400S. Reused APX 400 cartridges by Foma;Agfa-Gevaert;3;;;;Mahn & Co. (Maco);0;RolleiRetro400S.jpg
5401;854011;Rollei Retro 400S;Aviphot Pan 200, finished by Foma;Agfa-Gevaert;4;;;;Mahn & Co. (Maco);2;RolleiRetro400S.jpg
1733;017334;Rollei Retro 80S;Agfa Aviphot Pan 80, converted by Foma. DX from reused cartridge ?;Agfa-Gevaert;3;;;;Mahn & Co. (Maco);2;RolleiRetro80S.jpg
3025;830254;Rollei RPX 25 #rpx25;Agfa Aviphot Pan 80, converted by Harman;Agfa;3;;2013;;Mahn & Co. (Maco);1;RolleiRPX25.jpg
0129;001294;Rossmann Farbbilder HR200;Fujicolor Superia;Fujifilm;3;Made in Japan;2007;2015;Rossmann;0;RossmannHR200Fuji.jpg
1844;018444;Rossmann Farbbilder HR200;Perutz SC 200;Agfa;3;;;2003 ?;Rossmann;0;
0625;306253;Rossmann Farbbilder HR200;Fujicolor Superia / Fujicolor Xtra 400 type ?;Fujifilm;3;;2003;2007;Rossmann;0;RossmannHR200Fuji.jpg
0628;306283;Rossmann Farbbilder HR400;Fujicolor Superia / Fujicolor Xtra 400 type ?;Fujifilm;3;;2003;2007;Rossmann;0;RossmannHR400.jpg
0141;501413;Safeway (Vons) 200 ISO color print film;Fujicolor Super HQ200 SHQII;;3;;;;Safeway stores, GB;0;Safeway-vons-ISO200.jpg
1398;;Sakura International – Film for color print ISO 200;Solaris FG;Ferrania;3;;90’s ?;End of 2000’s?;;0;SakuraInter200.jpg
0259;002590;Sakuracolor R-100 #R100;;Konishiroku Photo Industry Co;;;1972;80’s ?;;0;SakuraColorR100.jpg
0032;;Sakuracolor SR-100 #SR100;;Konishiroku Photo Industry Co;;;1946;1955;;0;
0032;000323;Sakuracolor SR-100 Dx coded #SR100;;konica;;;~1983 ?;;;0;SakuraColorSR100.jpg
1553;315530;Samsung Prime Color Film 100 New;Kodak Color Negative 100;Kodak;2;;2003 ?;;Samsung, KR;0;SamsungPrime100.jpg
1394;013944;Samsung Prime Color Film 200;Solaris Color FG200;Ferrania;3;;2002;;Samsung, KR;0;Samsung200First.jpg
5142;051424;Samsung Prime Color Film 200;Solaris Color FG200 ?;Ferrania;1;;2002;2003 ?;Samsung, KR;0;Samsung200First.jpg
1554;315544;Samsung Prime Color Film 200 New;Kodak Color Negative 200;Kodak;3;;2003 ?;;Samsung, KR;0;SamsungPrime200.jpg
1396;;Samsung Prime Color Film 400;Solaris Color FG400;Ferrania;2;;2002;2003 ?;Samsung, KR;0;SamsungPrime400.jpg
1555;315554;Samsung Prime Color Film 400 New;Kodak Color Negative 400;Kodak;3;;2003 ?;;Samsung, KR;0;Samsung400New.jpg
0057;000574;Schlecker AS Chrome 100 ;Agfa CT Precisa;Agfa-Gevaert;3;Made in Germany;2000;~2007 ?;Schlecker-Fotoland;0;SchleckerASChrome100.jpg
0625;306253;Schlecker AS Color 200;Fujicolor Superia 200 / X-Tra 200;;;;2004 ?;;Schlecker-Fotoland;0;SchleckerAS200.jpg
0626;306264;Schlecker AS Color 400;Fujicolor X-Tra 400;;2;;2004 ?;;Schlecker-Fotoland;0;SchleckerAS400.jpg
0628;;Schlecker AS Color 400 – 400N;Fujicolor Superia 400;;2;;;2004 ?;Schlecker-Fotoland;0;SchleckerAS400superia.jpg
1062;010620;SCOTCH 100 ATG1;3M Ferrania, Similar to EXL 100;;;;1993;;3M/Scotch;0;
1061;010610;SCOTCH 200 ATG1;3M Ferrania, Similar to EXL 200;;;;1992;;3M/Scotch;0;
1067;010670;SCOTCH 200 ATG2;3M Ferrania, Similar to EXH 200;;;;;;3M/Scotch;0;
1066;010660;SCOTCH 400 ATG1;3M Ferrania, Similar to EXL 200;;;;1992;;3M/Scotch;0;
0295;002950;SCOTCH COLOR 100AT scotchcolor;Ferrania;;;;;;3M/Scotch;0;
0297;002970;SCOTCH COLOR 200AT scotchcolor;Ferrania;;;;;;;0;
0298;002980;SCOTCH COLOR 400AT scotchcolor;Ferrania;;;;;;;0;
0299;002990;SCOTCH COLOR 400AT scotchcolor;Ferrania;;;;;;;0;
0299;002990;SCOTCH COLOR 400AT scotchcolor;Ferrania;;;;;;;0;
1067;010670;SCOTCH COLOR EXH200 scotchcolor;3M Ferrania, Similar to ATG2;;;;;;3M/Scotch;0;
1062;010620;SCOTCH COLOR EXL100 Plus scotchcolor;Ferrania;;;;1995;;;0;ScotchColorEXLplus100.jpg
1062;010620;SCOTCH COLOR EXL100 scotchcolor;3M Ferrania, Similar to ATG1;;;;;~1990 ?;3M/Scotch;0;ScotchEXL100.jpg
1061;010610;SCOTCH COLOR EXL200 scotchcolor;3M Ferrania, Similar to ATG1;;;;;~1990 ?;3M/Scotch;0;
1066;010660;SCOTCH COLOR EXL400 scotchcolor;3M Ferrania, Similar to ATG1;;;;;~1990 ?;3M/Scotch;0;ScotchEXL400.jpg
0289;002893;SCOTCH COLOR PRINT HR 100 Gen 2 #HR100;Ferrania;;;;~1988 ?;;;0;
0294;002940;SCOTCH COLOR PRINT HR 100 Gen 3 #HR100;Ferrania;;;;;;;0;
0290;002900;SCOTCH COLOR PRINT HR 200 Gen 1 #HR200;Ferrania;;;;Mid 80’s ?;~1988 ?;;0;
0291;002910;SCOTCH COLOR PRINT HR 200 Gen 2 #HR200;Ferrania;;;;~1988 ?;;;0;
0292;002920;SCOTCH COLOR PRINT HR 400 Gen 1 #HR400;Ferrania;;;;Mid 80’s ?;~1988 ?;;0;
0293;002930;SCOTCH COLOR PRINT HR 400 Gen 2 #HR400;Ferrania;;;;~1988 ?;;;0;
0296;002960;SCOTCH COLOR PRINT HR 400 Gen 3 #HR400;Ferrania;;;;;;;0;
1062;010623;SCOTCH IMATION COLOR EXL100;;3M / Ferrania;;;;;Imation / 3M;0;ScotchImationEXL100.jpg
1408;014080;SEAGULL;Chinese emulsion. All SMPIC films have same DX…;Shanghai General Photosensitive Film Factory;;Made in China;;;;0;
1362;013623;Seattle PhotoWorks 200 (Process C41);Imation Color HP 200;Made in Italy;4;;~1999;~2012;PhotoWorks;0;Photoworks200.jpg
1408;014080;SHANGHAI 100;Chinese emulsion. All SMPIC films have same DX…;Shanghai General Photosensitive Film Factory;;Made in China;;;;0;
1408;014080;SHENGUANG (original);Chinese emulsion. All SMPIC films have same DX…;Shanghai General Photosensitive Film Factory;;Made in China;;;;0;
1394;013947;Snap Sights (Black can) 200 paper label-small-Snap Sights #disposable;Solaris Ferrania 200 (in disposable camera?);;4;Film form Italy, Spooled in China;;;Intova, Hawaii;0;SnapColorNegative.jpg
1604;016044;SOLUTION VX200 Super;Lucky chinese film (Super 200);;3;Made in China;~90’s ?;~2005 ?;Falter SP. z.o.o., Pniewy, Poland;0;SolutionVX200.jpg
1062;010623;Sooter's 100CN;Ferrania / Scotch Color EXL;;3;;;;Sooter Foto;0;Sooter100CN.jpg
1841;018413;Sooter's Color 100;Agfa / Perutz SC 100-2;Agfa;3;;;;Sooter Foto;0;Sooter100.jpg
1847;018473;Soul Color Print Film 100 Speed SoulColor;Agfacolor 100;Agfa;2;Film made in Germany;;;Soul Pattinson, Sydney;0;SoulColor.jpg
1850;018503;Soul Color Print Film 100 Speed SoulColor;Agfacolor 400;Agfa;2;Film made in Germany;;;Soul Pattinson, Sydney;0;SoulColor.jpg
0205;002053;Soul Color Print Film ISO 100 SoulColor;Fujicolor Super HGV 100;Fuji;2;Made in Japan;;;Soul Pattinson, Sydney;0;SoulColor.jpg
0567;005670;Soul Color Print Film ISO 100 SoulColor;FUJICOLOR 100;Fuji;3;Made in Japan;;;Soul Pattinson, Sydney;0;SoulColor.jpg
0627;806270;Spector Color ISO 100 (Blue box);Agfaphoto Vista Plus (rebranded Fujifilm Superia 100);;1;;2000’s;;Spector, Belgium;0;Spector100blue.jpg
0625;806254;Spector Color ISO 200 (Blue box);Agfaphoto Vista Plus (rebranded Fujifilm Superia 200);;2;;2000’s;;Spector, Belgium;0;Spector200blue.jpg
0753;007538;Spector Color ISO 200 (gold box);AGFA Perutz Primera 200;;3;;80’s?;;Spector, Belgium;0;Spector200.jpg
0628;806280;Spector Color ISO 400 (Blue box);Agfaphoto Vista Plus (rebranded Fujifilm Superia 400);;1;;2000’s;;Spector, Belgium;0;Spector400blue.jpg
0753;007533;Spectra Colour Excel 200;AGFA Perutz Primera 200 / Agfa Vista 200;;3;;;;;0;
1395;013954;Sunny color print film ISO 100;"""This product inherits three new patent technologies which developed by Ferrania Imaging Technologies"". Ferrania Solaris finished in China";Hua Tian Fu Photo Materials Co. Ltd ?;3;Made in China ?;2004;;;0;SunnyColorPrint.jpg
1395;013980;Sunny color print film ISO 200;"uncertain DX number… ""This product inherits three new patent technologies which developed by Ferrania Imaging Technologies"". Ferrania Solaris finished in China. Could be still produced by Huatianfu Industrial Development Co Ltd of Shantou";Hua Tian Fu Photo Materials Co. Ltd ?;3;Made in China ?;2004;;;1;
0807;008073;Super G 400 (Fuji?) #SuperG400;;;;;;;;0;
0135;001353;Svema DS-100 (Свема ДС-100) #DS100 ДС100;Fujicolor 100;Fujifilm;3;Japan ?;~1995 ?;~2000 ?;Svema, Ukraine;0;SvemaDS100.jpg
0145;001450;Svema DS-100 (Свема ДС-100) #DS100 ДС100;Fujicolor Superia 100, or Infa Chinese film ??;Fujifilm;2;Japan ?;~2000;;Svema, Ukraine;1;SvemaDS100.jpg
0124;001247;System 800 Color Print Film;;;;;;;;0;System800.jpg
1396;013964;TESCO Colour Print 400;Solaris Color FG400;Ferrania;3;;;;Tesco Stores LTD;0;TescoColor400.jpg
1399;013993;TESCO Colour Print 400;Solaris Color FG Plus 400 ;Ferrania;3;;;;Tesco Stores LTD;0;TescoColor400.jpg
1398;013983;TESCO Value Colour 200;Solaris Color FG Plus 200;Ferrania;3;Produced in Italy;;;Tesco Stores LTD;0;Tesco200.jpg
0129;001294;Trekpleister Kleurenfilm ISO 200;Fujicolor 200 / Super HQ200;;3;;;;Trekpleister drugstore, Netherland;0;
0451;;TriFCA Colour Print Film ASA 200 (135);Konica film ?;;2;;;;Film Corporation of America FCA (UK);0;
1398;013984;"TruPrint Colour Print Film 200 ASA ""Cyan Box"" ";AgfaPhoto Vista 200;;2;;;;Truprint, GB;0;TruprintColor200box.jpg
0135;001354;Tudor Color Print Film ISO 100;Fuji;;3;Made in Japan;;;Tudor Photographic Group, UK;0;
0129;001294;Tudor Color Print Film ISO 200;Fuji C200;;3;Made in EU (Fuji Netherland ?);;End 2000’s ?;Tudor Photographic Group, UK;0;Turdor200.jpg
0625;606254;Tudor Color Print Film ISO 200;Fuji;;3;Made in Japan;;;Tudor Photographic Group, UK;0;Turdor200.jpg
0199;001993;Tudor TudorColor XLX100;Fuji SHG II 100;Fuji;3;Made in Japan;1997;2012;Tudor Photographic Group, UK;0;TudorXLX100.jpg
;606253;Tudor TudorColor XLX400;Imation Color HP;Imation;3;Made in Japan;1997;2012;Tudor Photographic Group, UK;0;
0140;001403;Tudor XL 100 Color XL100 #Tudorcolor;Fuji Superia;;3;Made in Japan;1986;;Tudor Photographic Group, UK;0;TudorXL100.jpg
0272;002723;Tudor XL 100 Color XL100 #Tudorcolor;AGFACOLOR XR100i;;2;;80's ?;;Tudor Photographic Group, UK;0;TudorXL100.jpg
0140;001404;Tudor XLS 100 #Tudorcolor XLS100;Fuji;;1;;;;Tudor, GB;0;TudorXLS100.jpg
0625;606253;Tudor XLS 200 #Tudorcolor XLS200;Fujicolor 200;;3;;;;Tudor, GB;0;
1851;018513;TudorColor XDT 200 Colour Print Film XDT200;Agfa / Perutz SC 200-2;Agfa;4;Made in EC;;;Tudor, GB;0;Tudorcolor100.jpg
1361;013614;"U ""les nouveaux commercants"" Couleur ISO 100 #SuperU";IMATION COLOR HP100;Imation 3M;3;;;;"French ""U"" supermarket";0;
1573;715730;Ultrafine Ultramax T-grain 400 Vari-Film #Tgrain;Not Ilford Delta 400, could be old T-max ou Kodak WL surveillance. Bulk rolls discontinued, still available in 36ex.;;1;;;;Ultrafineonline;2;ULtramaxTgrain.jpg
1770;017708;Ultrafine Xtreme 135 / 400 iso #extreme;Kentmere 400, only in bulk roll;;2;Made in UE;~2010 ?;;Ultrafineonline;2;
1852;018523;UniChem High Resolution Colour print film ISO 100;PERUTZ SC 100 (Agfacolor Vista);;3;;;;;0;UnichemHiRez100.jpg
1844;018444;UniChem High Resolution Colour print film ISO 200;PERUTZ SC 200 (Agfacolor Vista);;2;;;;;0;UnichemColor200.jpg
5074;050747;United Colors Of Benetton ISO 400;;;;;;;;0;
0295;002951;Unknown Black can 100 DX coding, C-41;Scotch Color;;3;;;;;0;
1399;013993;Unknown Black can 400 DX coded;DX number used by a lot of rebranded film canned by Foma;;1;made in EU;;;;0;
0626;106267;Unknown Black can 400 no DX coding C-41 Film For Color Print;Fujicolor Superia 400 / X-Tra 400;;2;made in Japan;;;;0;
1402;014027;Unknown Black can 800 DX coding, C-41,;Ferrania ?;;1;;;;;0;
1061;110617;Unknown Color For Color prints;;;;;;;;0;
0635;206353;Unknown white can 800 no DX coding, has CN-16 and C-41;Superia 400 / 800 ?;Fuji ?;1;;;;;0;
1557;115577;Unknown White can ISO 800 no DX coding, C-41;disposable camera, Kodak Color Negative 800;;;;;;;0;
1604;016041;VIBE Photo Quality Film 400 V400 #vibephoto VBEphoto;Fuji cheap film from disposable camera ? DX code of Lucky Color Chinese film...;;1;Made in Japan;;;;2;VIBEphoto400.jpg
0515;405154;Voigtländer V Chrome 100 #voigtlander vchrome100;Fujichrome Sensia;Fujifilm;3;;1998;2001;Ringfoto;0;
0551;005514;Voigtländer V Chrome 100 Neu #voigtlander Vchrome100 new;Fujichrome Sensia II 100;Fujifilm;4;;2005;2012;Ringfoto;0;VoigtlanderVchrome100New.jpg
0625;606254;Voigtländer V200 #voigtlander;Fujicolor Superia / C200;Fujifilm;3;;1998;2001;Ringfoto;0;VoigtlanderV200.jpg
0129;001293;Voigtländer V200 Neu #voigtlander New;Fujicolor Superia 200;Fujifilm;3;;2005;2014;Ringfoto;0;VoigtlanderV200New.jpg
0130;501303;"Walgreens ISO 200 AP70/C-41 ""Studio35""";FUJICOLOR 200 ;Fuji;3;;;;Walgreens Co.;0;
1844;018443;"Walgreens ISO 200 C-41 ""Studio35""";Perutz SC-200-III;Agfa;3;Made in Germany;;;Walgreens Co.;0;WallgreenStudio35-200germany.jpg
0625;706253;Walgreens ISO 200 C-41 wphoto;Fujicolor Superia CN 200;Fujifilm;4;Product of Japan;;;Walgreens Co.;0;WallgreenStudio35-200.jpg
1849;018493;"Walgreens ISO 400 C-41 ""Studio35"" ";Perutz SC 400;Agfa;3;Made in Germany;;;Walgreens Co.;0;WallgreenStudio35-400.jpg
0635;606353;Walgreens ISO 800 C-41 wphoto;Superia 800 ?;Fuji ?;1;;;;Walgreens Co.;0;
0453;004533;Werlisa Sport Color Iso 100 ;Konica Super VX 100 / SGX 100;;3;Made in Japan;;;;0;WerlisaColor100.jpg
1398;013983;Western Family 200 DX coding, paper label-small-just western family;Solaris Color FG Plus 200 ;Ferrania;2;;;;;0;
1399;013993;Western Family 400 DX coding, paper label - large;DX number used by a lot of rebranded film canned by Foma;;;;;;;0;
0626;606263;Western Family 400 DX coding, paper label on top of FujiFilm Paper label on top of Fujifilm painted Wal-mart can #walmart;Fujicolor Superia X-tra 400;;3;;;;;0;
1362;013623;Western Family HP 200 DX coding, paper label- small-just western family;IMATION COLOR HP200;3M / Ferrania;3;;;;;0;
1849;018497;White / gray label 400 – Color negative Film;Disposable camera, Agfa/Pertuz SC 400;;;;;;;0;
0634;106344;White can 39 exp. (disposable camera?);FUJICOLOR SUPERIA 1600 ;;;Made in Japan;2000;;;0;
0626;206263;White can 400 no DX coding, C-41/CN-16;Fujicolor Superia X-tra 400, Disposable camera.;;4;;;;;0;
0636;106363;White Label 1000 no DX coding, C-41/CN-16;Disposable camera ? Superia 1000;;3;;;;;0;
1846;018460;White paper COLOR NEGATIVE 200 FILM CN200;PERUTZ 200 Color;;;;;;;0;
1849;018490;White paper COLOR NEGATIVE 400 Film;Perutz SC 400;Agfa;2;;;;;0;
1849;018497;Whitelabel CN200 – Color negative Film;Agfa C200 in cheap chinese cassette ?;;1;;;;;2;
1571;015710;Xiamen FUDA 135 COLOR;;Xiamen Fuda Photographic Materials;;;;;;0;
1569;015690;Xiamen FUDA 135 PAN 400;;Xiamen Fuda Photographic Materials;;;;;;0;FudaPan400.jpg
1570;015700;Xiamen FUDA GA-100 Color #GA100;C-41 process;Xiamen Fuda Photographic Materials;;Made in China;;;;0;FudaGA100.jpg
0625;106250;Yes!Star Supreme 200;Fuji Superia C200. Also available under the brand Fujifilm for international market;Guangxi Giant Star Medical Equipment Co Ltd (under Fujifilm licence);3;China;2024;;Yes!Star (China);2;YesStar200.jpg
0628;106284;Yes!Star Supreme 400;Fuji Superia C400 (X-TRA?). Also available under the brand Fujifilm for international market;Guangxi Giant Star Medical Equipment Co Ltd (under Fujifilm licence);3;China;2024;;Yes!Star (China);2;YesStar400.jpg
0274;002740;York Color ISO 100;AgfaColor XRG100;;3;Made in Germany;;;York Photo Labs;0;
1067;010674;York Color ISO 200;Ferrania / 3M;;3;Made in Italy;;;York Photo Labs;0;
1397;013973;York Color ISO 400;Ferrania Color FG400i;;4;Made in Italy;;;York Photo Labs;0;Yorkcolor100.jpg
1399;013993;York Photo 400;Ferrania Color FG Plus 400;;4;Made in Italy;;;York Photo Labs;0;YorkPhoto400.jpg
